{"arbitrage_stats":[{"score": 1.000082529,"supply_gain_index": [0, 0, 0],"demand_gain_index": [0, 0, 0],"supply_gain": 0,"demand_gain": 0.009182347106,"time_delta": 0.01838399994,"pairs": [{"id":84678523,
"demand": [[0.000912,7352], [0.000911,217631], [0.00091,12610], [0.000909,143239], [0.000908,380674]],
"supply": [[0.000913,5849], [0.000914,30767], [0.000915,165822], [0.000916,144924], [0.000917,65645]],"timestamp":1586579572.255303,"currency":"TRXBNB"},{"id":66984978,
"demand": [[0.0665,294.5], [0.06649,39093], [0.06648,194.7], [0.06647,281], [0.06646,376.9]],
"supply": [[0.06651,14527.9], [0.06667,300], [0.06669,260], [0.06671,188.6], [0.06677,1257.1]],"timestamp":1586579572.244943,"currency":"TRXXRP"},{"id":115120710,
"demand": [[0.01366,28553.1], [0.01365,9049.9], [0.01364,21984.5], [0.01363,22692.3], [0.01362,557]],
"supply": [[0.01367,7.4], [0.01368,65.6], [0.01369,1412.7], [0.0137,4467], [0.01371,23893.4]],"timestamp":1586579573.231569,"currency":"XRPBNB"}]}
],"arbitrages_count": 3,"without_fees_count": 3341,"all_count": 156456}