{"arbitrage_stats":[{"score": 1.000393285,"supply_gain_index": [0, 0, 0],"demand_gain_index": [0, 0, 0],"supply_gain": 4.510665389,"demand_gain": 0,"time_delta": 0.6214014,"pairs": [{"id":85441950,
"demand": [[0.000837,217371], [0.000836,254644], [0.000835,55510], [0.000834,825377], [0.000833,430674]],
"supply": [[0.000838,387645], [0.000843,11312], [0.000844,45822], [0.000845,123614], [0.000846,88825]],"timestamp":1586996597.324693,"currency":"TRXBNB"},{"id":67340958,
"demand": [[0.06792,11469.2], [0.06782,300], [0.06778,260], [0.06776,194.7], [0.06774,334]],
"supply": [[0.06798,567.4], [0.06799,600.3], [0.068,526507.1], [0.06801,5589.7], [0.06802,162.9]],"timestamp":1586996597.408095,"currency":"TRXXRP"},{"id":115920185,
"demand": [[0.01238,1788.8], [0.01237,681], [0.01236,243.9], [0.01235,395.7], [0.01234,267.3]],
"supply": [[0.01241,3624], [0.01242,21235.2], [0.01243,25586.1], [0.01245,86.4], [0.01246,12619.5]],"timestamp":1586996597.701125,"currency":"XRPBNB"}]}
],"arbitrages_count": 3,"without_fees_count": 4954,"all_count": 166235}