{"arbitrage_stats":[{"score": 1.000066719,"supply_gain_index": [0, 0, 0],"demand_gain_index": [0, 0, 0],"supply_gain": 9.731567897e-05,"demand_gain": 0,"time_delta": 0.6602542,"pairs": [{"id":85877435,
"demand": [[0.000808,13267], [0.000807,108969], [0.000806,180522], [0.000805,72433], [0.000804,436946]],
"supply": [[0.000809,274], [0.00081,137], [0.000811,19781], [0.000812,121613], [0.000813,135895]],"timestamp":1587255314.047468,"currency":"TRXBNB"},{"id":67574727,
"demand": [[0.06877,928.7], [0.06874,123.8], [0.0686,260], [0.06857,188.6], [0.06855,300]],
"supply": [[0.0688,9202], [0.06881,435], [0.06882,1038.9], [0.06883,800], [0.06885,20216.1]],"timestamp":1587255314.030144,"currency":"TRXXRP"},{"id":116372372,
"demand": [[0.0118,0.1], [0.01178,440.7], [0.01177,5798.5], [0.01176,27041.5], [0.01175,26085.4]],
"supply": [[0.01181,16077.7], [0.01182,6385.3], [0.01183,21022.7], [0.01184,357.2], [0.01185,144.6]],"timestamp":1587255314.369858,"currency":"XRPBNB"}]}
],"arbitrages_count": 3,"without_fees_count": 5507,"all_count": 141245}