{"arbitrage_stats":[{"score": 1.003111445,"supply_gain_index": [0, 0, 0],"demand_gain_index": [0, 0, 0],"supply_gain": 26.85798906,"demand_gain": 0,"time_delta": 0.08265639993,"pairs": [{"id":75336125,
"demand": [[0.000898,6957], [0.000897,13098], [0.000896,9963], [0.000895,6943], [0.000894,19496]],
"supply": [[0.000899,8632], [0.000902,33314], [0.000903,11650], [0.000904,9264], [0.000905,4899]],"timestamp":1582511878.186827,"currency":"TRXBNB"},{"id":60183267,
"demand": [[0.07414,15249.8], [0.0741,402.5], [0.07409,1304.1], [0.07408,11471.8], [0.07407,27560.2]],
"supply": [[0.07418,3949.7], [0.0742,36.6], [0.07449,6484.7], [0.0745,1000], [0.07451,1000]],"timestamp":1582511878.399539,"currency":"TRXXRP"},{"id":104114884,
"demand": [[0.0122,1037.1], [0.01216,9755.1], [0.01211,16415.1], [0.0121,27870.7], [0.01209,3319.8]],
"supply": [[0.01221,35.2], [0.01222,201.1], [0.01223,98.8], [0.01224,534.1], [0.01225,6128.9]],"timestamp":1582511879.126426,"currency":"XRPBNB"}]}
],"arbitrages_count": 1,"without_fees_count": 798,"all_count": 117754}