{"arbitrage_stats":[{"score": 1.000366064,"supply_gain_index": [0, 0, 0],"demand_gain_index": [0, 0, 0],"supply_gain": 0,"demand_gain": 0.5996133271,"time_delta": 0.6059523,"pairs": [{"id":86660824,
"demand": [[0.000883,1638], [0.000882,14338], [0.000881,144891], [0.00088,40410], [0.000879,100712]],
"supply": [[0.000884,4911], [0.000885,47325], [0.000886,122817], [0.000887,170431], [0.000888,62210]],"timestamp":1587752890.019680,"currency":"TRXBNB"},{"id":67987361,
"demand": [[0.07254,10930.4], [0.07253,28959.5], [0.07252,731.6], [0.07248,36187.3], [0.07246,9479.7]],
"supply": [[0.07255,25381.1], [0.0729,881.5], [0.073,6325.6], [0.07301,200], [0.07303,1159.3]],"timestamp":1587752890.013792,"currency":"TRXXRP"},{"id":117178021,
"demand": [[0.01211,956.5], [0.0121,15985.7], [0.01209,36675.3], [0.01208,74403.3], [0.01207,73522.3]],
"supply": [[0.01213,826.6], [0.01214,2579.2], [0.01215,22526.4], [0.01216,4696.4], [0.01217,78576.9]],"timestamp":1587752890.407789,"currency":"XRPBNB"}]}
],"arbitrages_count": 3,"without_fees_count": 2554,"all_count": 150634}