{"arbitrage_stats":[{"score": 1.000244962,"supply_gain_index": [0, 1, 0],"demand_gain_index": [0, 0, 0],"supply_gain": 0.1266453823,"demand_gain": 0,"time_delta": 0.2415707,"pairs": [{"id":77846575,
"demand": [[0.000877,14929], [0.000876,65600], [0.000875,19881], [0.000874,75949], [0.000873,31502]],
"supply": [[0.000878,751], [0.000879,751], [0.00088,69353], [0.000881,35780], [0.000882,44083]],"timestamp":1583711336.153991,"currency":"TRXBNB"},{"id":62504048,
"demand": [[0.07311,14.8], [0.0731,517], [0.07308,1415.9], [0.07307,2033.3], [0.07306,4473.5]],
"supply": [[0.07325,130000], [0.07327,33590.8], [0.07329,16624.5], [0.07334,16200], [0.07338,1000]],"timestamp":1583711336.420944,"currency":"TRXXRP"},{"id":106999995,
"demand": [[0.01205,535.2], [0.01204,426.4], [0.01202,3661.4], [0.01201,11953.3], [0.012,2722.5]],
"supply": [[0.01206,4061.3], [0.01207,1306.7], [0.01208,29588.1], [0.01209,17339.1], [0.0121,10494.4]],"timestamp":1583711336.948406,"currency":"XRPBNB"}]}
],"arbitrages_count": 1,"without_fees_count": 1210,"all_count": 188173}