{"arbitrage_stats":[{"score": 1.000016713,"supply_gain_index": [0, 0, 0],"demand_gain_index": [0, 0, 0],"supply_gain": 7.21985787e-06,"demand_gain": 0,"time_delta": 0.4568671,"pairs": [{"id":638269018,
"demand": [[0.005672,32.73], [0.005671,2.13], [0.00567,5.77], [0.005669,0.84], [0.005668,41.41]],
"supply": [[0.00568,57.78], [0.005681,29.35], [0.005682,30.82], [0.005684,59.85], [0.005685,1.41]],"timestamp":1587651770.518268,"currency":"LTCBTC"},{"id":215096815,
"demand": [[0.22755,0.432], [0.22622,0.223], [0.22621,0.05], [0.22607,5.4], [0.22606,0.404]],
"supply": [[0.22766,11.446], [0.22767,34.925], [0.22768,0.263], [0.22803,0.594], [0.22804,11.779]],"timestamp":1587651769.982850,"currency":"LTCETH"},{"id":1167020159,
"demand": [[0.025037,16.188], [0.025035,0.918], [0.025034,189.5], [0.025032,2.121], [0.025029,7.405]],
"supply": [[0.025061,7.318], [0.025065,32.272], [0.025068,7.616], [0.025069,206], [0.025072,19.487]],"timestamp":1587651770.269324,"currency":"ETHBTC"}]}
],"arbitrages_count": 1,"without_fees_count": 1471,"all_count": 245119}