{"arbitrage_stats":[{"score": 1.000177682,"supply_gain_index": [0, 0, 0],"demand_gain_index": [0, 0, 0],"supply_gain": 0,"demand_gain": 0.003553640967,"time_delta": 0.4628582001,"pairs": [{"id":1040335890,
"demand": [[0.19922,14478.9], [0.19906,3127.6], [0.19904,5166.2], [0.19903,10499.8], [0.19902,2526.3]],
"supply": [[0.19926,1336.5], [0.19927,5268.4], [0.19933,8760.1], [0.19937,8643], [0.19938,1282]],"timestamp":1587651775.998766,"currency":"XRPUSDT"},{"id":312522188,
"demand": [[0.00103038,12682], [0.00103037,336], [0.00103036,238], [0.00103035,502], [0.00103034,9009]],
"supply": [[0.00103647,20], [0.00103741,17], [0.00103858,237], [0.00103859,23], [0.00103896,7833]],"timestamp":1587651776.557955,"currency":"XRPETH"},{"id":1771363701,
"demand": [[191.16,139.98205], [191.15,0.0624], [191.14,15.58997], [191.13,30], [191.1,0.14]],
"supply": [[191.6,307.61675], [191.63,1.10093], [191.99,2.31928], [192,1.57889], [192.2,14.55]],"timestamp":1587651776.806885,"currency":"ETHUSDT"}]}
],"arbitrages_count": 1,"without_fees_count": 10793,"all_count": 255956}