{"arbitrage_stats":[{"score": 1.000233538,"supply_gain_index": [0, 0, 0],"demand_gain_index": [0, 0, 0],"supply_gain": 0,"demand_gain": 0.02241964287,"time_delta": 0.09641359991,"pairs": [{"id":1031022257,
"demand": [[0.18251,9163.3], [0.1825,39665.4], [0.18249,223], [0.18247,54.9], [0.18246,2917.4]],
"supply": [[0.18252,2900.1], [0.18254,8381.5], [0.18255,1007], [0.1826,2722.6], [0.18261,1033]],"timestamp":1587410304.700791,"currency":"XRPUSDT"},{"id":311398175,
"demand": [[0.00105776,78], [0.00105705,3745], [0.00105702,749], [0.001057,430], [0.00105697,1218]],
"supply": [[0.00106138,96], [0.00106175,10], [0.00106188,3745], [0.00106296,498], [0.00106359,40]],"timestamp":1587410303.799071,"currency":"XRPETH"},{"id":1745264933,
"demand": [[171.2,0.27669], [171.16,14.52634], [171.1,607.0229], [171.09,0.49734], [171.08,50]],
"supply": [[171.4,33.70183], [171.45,4.46428], [171.48,1.39394], [171.5,145.81955], [171.51,34.34204]],"timestamp":1587410304.433320,"currency":"ETHUSDT"}]}
],"arbitrages_count": 2,"without_fees_count": 16503,"all_count": 256265}