{"arbitrage_stats":[{"score": 1.000298589,"supply_gain_index": [0, 0, 1],"demand_gain_index": [0, 0, 0],"supply_gain": 0.01600621404,"demand_gain": 0,"time_delta": 0.4714564,"pairs": [{"id":589711598,
"demand": [[0.0003564,1593.65], [0.0003563,29.82], [0.0003562,1.93], [0.0003561,6.37], [0.000356,2654.56]],
"supply": [[0.0003566,901.36], [0.000357,745.45], [0.0003576,18.69], [0.0003577,1348], [0.0003578,1146.97]],"timestamp":1587830301.505145,"currency":"EOSBTC"},{"id":121855107,
"demand": [[0.1662,54.46], [0.1661,78.92], [0.166,17.15], [0.1659,7.27], [0.1658,30.07]],
"supply": [[0.1665,21.37], [0.1666,114.68], [0.1667,32.82], [0.167,28.51], [0.1671,2.06]],"timestamp":1587830300.985434,"currency":"EOSBNB"},{"id":650705753,
"demand": [[0.0021528,2.18], [0.0021527,8.88], [0.0021526,100.71], [0.0021521,0.46], [0.002152,2.14]],
"supply": [[0.002154,7.47], [0.0021541,0.88], [0.0021542,148.73], [0.0021543,8.89], [0.0021544,64.77]],"timestamp":1587830301.294825,"currency":"BNBBTC"}]}
],"arbitrages_count": 1,"without_fees_count": 10253,"all_count": 198793}