{"arbitrage_stats":[{"score": 1.000068504,"supply_gain_index": [0, 0, 0],"demand_gain_index": [0, 0, 0],"supply_gain": 0,"demand_gain": 0.001783151297,"time_delta": 0.9534752001,"pairs": [{"id":546879671,
"demand": [[0.0003936,300], [0.0003935,0.27], [0.0003934,4682.35], [0.0003933,417.06], [0.0003932,11.94]],
"supply": [[0.0003938,260.06], [0.0003939,300], [0.000394,2533.25], [0.0003941,1759.52], [0.0003942,3045.74]],"timestamp":1583763100.132544,"currency":"EOSBTC"},{"id":110265167,
"demand": [[0.1872,6.74], [0.1865,294.04], [0.1863,283.24], [0.1861,100], [0.1859,3]],
"supply": [[0.1873,26.03], [0.1874,8.31], [0.1875,8.65], [0.1876,26.62], [0.1877,9.69]],"timestamp":1583763100.078398,"currency":"EOSBNB"},{"id":597508826,
"demand": [[0.0020938,20.85], [0.0020934,171.78], [0.0020933,4.31], [0.0020932,0.29], [0.0020931,18.13]],
"supply": [[0.002095,10.2], [0.0021055,660], [0.002106,50.79], [0.0021061,245.34], [0.0021065,33.17]],"timestamp":1583763100.310979,"currency":"BNBBTC"}]}
],"arbitrages_count": 1,"without_fees_count": 8594,"all_count": 244845}