{"arbitrage_stats":[{"score": 1.000006024,"supply_gain_index": [0, 0, 0],"demand_gain_index": [0, 0, 0],"supply_gain": 8.817966418e-05,"demand_gain": 0,"time_delta": 0.001850200002,"pairs": [{"id":537021673,
"demand": [[0.0004184,36.5], [0.0004183,119.49], [0.0004182,376.7], [0.0004181,57.89], [0.000418,161.1]],
"supply": [[0.000419,21], [0.0004195,297.06], [0.0004199,11.23], [0.00042,533.71], [0.0004201,2345.49]],"timestamp":1582641360.548844,"currency":"EOSBTC"},{"id":107643057,
"demand": [[0.1905,583.68], [0.1904,20.99], [0.1903,65.5], [0.1902,37.92], [0.1901,32.93]],
"supply": [[0.191,13.14], [0.1911,127.36], [0.1912,29.84], [0.1913,6.79], [0.1916,119.63]],"timestamp":1582641359.882346,"currency":"EOSBNB"},{"id":583372411,
"demand": [[0.0022061,2.78], [0.002206,3688.65], [0.0022059,7.71], [0.0022058,0.92], [0.0022057,4.86]],
"supply": [[0.0022064,15.5], [0.0022078,9.63], [0.0022079,109.38], [0.0022083,0.09], [0.0022084,4.5]],"timestamp":1582641359.473942,"currency":"BNBBTC"}]}
],"arbitrages_count": 1,"without_fees_count": 6197,"all_count": 157790}