{"arbitrage_stats":[{"score": 1.000390308,"supply_gain_index": [0, 0, 1],"demand_gain_index": [0, 0, 0],"supply_gain": 0.008399426754,"demand_gain": 0,"time_delta": 0.1172526,"pairs": [{"id":545722062,
"demand": [[0.0003985,485.71], [0.0003984,562.41], [0.0003983,526.53], [0.0003982,44.74], [0.0003981,693.91]],
"supply": [[0.0003986,275.12], [0.000399,252.15], [0.0003993,60.99], [0.0003994,73.89], [0.0003995,365.51]],"timestamp":1583672139.314986,"currency":"EOSBTC"},{"id":109990820,
"demand": [[0.1836,21.52], [0.1835,41.8], [0.1834,26.57], [0.1833,22.02], [0.1832,73.98]],
"supply": [[0.1839,27.45], [0.184,600], [0.1841,264.26], [0.1842,57.63], [0.1843,110]],"timestamp":1583672138.351523,"currency":"EOSBNB"},{"id":595942219,
"demand": [[0.0021785,1.56], [0.0021784,62.72], [0.0021783,0.59], [0.0021782,20.94], [0.0021781,2.6]],
"supply": [[0.0021791,20.96], [0.0021792,5.58], [0.0021794,685], [0.0021796,24.14], [0.0021798,7.16]],"timestamp":1583672139.225215,"currency":"BNBBTC"}]}
],"arbitrages_count": 1,"without_fees_count": 11183,"all_count": 240078}