{"arbitrage_stats":[{"score": 1.000764733,"supply_gain_index": [0, 0, 4],"demand_gain_index": [0, 0, 0],"supply_gain": 0.0222385493,"demand_gain": 0,"time_delta": 0.3042806,"pairs": [{"id":588578752,
"demand": [[0.0003586,3062.78], [0.0003585,282.03], [0.0003584,699.42], [0.0003583,579.97], [0.0003582,823.87]],
"supply": [[0.0003587,51.87], [0.0003589,25.42], [0.0003591,101.53], [0.0003592,1409.89], [0.0003593,1977.68]],"timestamp":1587652395.110166,"currency":"EOSBTC"},{"id":121530121,
"demand": [[0.1681,150.51], [0.1672,900], [0.1671,621.47], [0.167,11.08], [0.1669,4.51]],
"supply": [[0.1682,67.19], [0.1683,74.24], [0.1684,1150.03], [0.1685,21.08], [0.1686,269.5]],"timestamp":1587652394.407574,"currency":"EOSBNB"},{"id":649161493,
"demand": [[0.0021424,0.01], [0.0021423,1.09], [0.0021421,0.3], [0.002142,2], [0.0021419,4.87]],
"supply": [[0.0021437,7.26], [0.0021441,146.59], [0.0021442,248], [0.0021449,122.59], [0.002145,4.59]],"timestamp":1587652394.442696,"currency":"BNBBTC"}]}
],"arbitrages_count": 1,"without_fees_count": 11642,"all_count": 233629}