{"arbitrage_stats":[{"score": 1.000117614,"supply_gain_index": [0, 0, 0],"demand_gain_index": [0, 0, 0],"supply_gain": 0,"demand_gain": 8.703459495e-06,"time_delta": 0.7913215,"pairs": [{"id":144126489,
"demand": [[38.95,3.79556], [38.94,7.26393], [38.93,0.64935], [38.91,17.03329], [38.9,144.9]],
"supply": [[39,12.94392], [39.01,51.21], [39.03,0.6513], [39.04,8.38228], [39.05,10]],"timestamp":1584953401.172374,"currency":"XMRUSDT"},{"id":43447444,
"demand": [[3.536,8.748], [3.535,60], [3.533,11.095], [3.531,0.64], [3.53,0.036]],
"supply": [[3.546,0.074], [3.547,1.116], [3.548,0.261], [3.549,0.652], [3.55,0.037]],"timestamp":1584953401.145202,"currency":"XMRBNB"},{"id":695416195,
"demand": [[10.9495,1.3], [10.9489,1.19], [10.9473,10.79], [10.9459,7.81], [10.945,183.46]],
"supply": [[10.95,2130.89], [10.97,525.46], [10.98,66.93], [10.9996,79.99], [10.9997,47.92]],"timestamp":1584953401.341913,"currency":"BNBUSDT"}]}
],"arbitrages_count": 1,"without_fees_count": 18509,"all_count": 230683}