{"arbitrage_stats":[{"score": 1.000197641,"supply_gain_index": [0, 0, 0],"demand_gain_index": [0, 4, 0],"supply_gain": 0,"demand_gain": 8.696225917e-05,"time_delta": 0.2235466,"pairs": [{"id":194765811,
"demand": [[64.12,1.19208], [64.11,15.61252], [64.1,3.2324], [64.09,49.66955], [64.08,9.99999]],
"supply": [[64.14,22.98046], [64.16,3.2324], [64.17,41.09765], [64.18,16.75], [64.2,98.14605]],"timestamp":1588969007.944364,"currency":"XMRUSDT"},{"id":51321094,
"demand": [[3.702,18.998], [3.701,0.042], [3.698,0.203], [3.697,0.22], [3.696,0.801]],
"supply": [[3.711,0.036], [3.712,0.044], [3.714,0.036], [3.715,0.174], [3.716,0.44]],"timestamp":1588969007.891872,"currency":"XMRBNB"},{"id":889955805,
"demand": [[17.1999,3.5], [17.1998,74.64], [17.1997,72.71], [17.19,5.78], [17.188,133.58]],
"supply": [[17.2,32182.73], [17.2075,151.09], [17.2122,49.92], [17.2125,153.56], [17.219,4.5]],"timestamp":1588969008.678666,"currency":"BNBUSDT"}]}
],"arbitrages_count": 1,"without_fees_count": 45251,"all_count": 223077}