{"arbitrage_stats":[{"score": 1.00085246,"supply_gain_index": [0, 0, 0],"demand_gain_index": [0, 0, 0],"supply_gain": 3.068855749e-05,"demand_gain": 0,"time_delta": 0.4602219999,"pairs": [{"id":152653949,
"demand": [[50.82,4e-05], [50.79,1.18133], [50.78,1.45794], [50.77,6.25494], [50.76,35.84667]],
"supply": [[50.85,9.18018], [50.87,3.88717], [50.88,295], [50.89,25.05601], [50.91,39.21]],"timestamp":1585851261.609151,"currency":"XMRUSDT"},{"id":45269688,
"demand": [[3.867,0.036], [3.86,0.034], [3.858,0.758], [3.857,0.036], [3.856,0.033]],
"supply": [[3.868,3.49], [3.88,4.227], [3.882,0.034], [3.883,0.451], [3.885,0.034]],"timestamp":1585851261.063951,"currency":"XMRBNB"},{"id":733596174,
"demand": [[13.2005,58.23], [13.2,1550.45], [13.19,18.7], [13.1813,153.21], [13.1721,100]],
"supply": [[13.209,22.71], [13.2203,58.11], [13.2213,100], [13.2214,53.61], [13.2235,10.41]],"timestamp":1585851261.480812,"currency":"BNBUSDT"}]}
],"arbitrages_count": 2,"without_fees_count": 28214,"all_count": 222257}