{"arbitrage_stats":[{"score": 1.000006479,"supply_gain_index": [0, 0, 0],"demand_gain_index": [0, 0, 0],"supply_gain": 0,"demand_gain": 2.009034335e-05,"time_delta": 0.4935774,"pairs": [{"id":174287453,
"demand": [[60.69,13.68402], [60.53,6.41593], [60.51,134.49999], [60.49,22.01002], [60.47,79.62963]],
"supply": [[60.75,5.01621], [60.81,6.6], [60.82,3.36306], [60.83,0.36572], [60.85,10.40633]],"timestamp":1587651743.557940,"currency":"XMRUSDT"},{"id":49087324,
"demand": [[3.675,57.629], [3.671,7.956], [3.67,0.326], [3.663,0.036], [3.662,1.085]],
"supply": [[3.694,3.101], [3.695,0.997], [3.696,0.904], [3.697,0.585], [3.698,0.333]],"timestamp":1587651743.381403,"currency":"XMRBNB"},{"id":824562776,
"demand": [[16.3726,1.97], [16.3725,33.02], [16.372,610.94], [16.371,140.62], [16.3707,10.16]],
"supply": [[16.38,128.76], [16.3806,0.87], [16.3809,0.67], [16.382,19.59], [16.3822,12.27]],"timestamp":1587651743.050465,"currency":"BNBUSDT"}]}
],"arbitrages_count": 1,"without_fees_count": 34346,"all_count": 222554}