{"arbitrage_stats":[{"score": 1.000127214,"supply_gain_index": [0, 0, 0],"demand_gain_index": [0, 0, 0],"supply_gain": 0,"demand_gain": 4.579701305e-06,"time_delta": 0.132195,"pairs": [{"id":150133570,
"demand": [[47.57,8.5657], [47.56,42.05214], [47.55,140.39602], [47.54,8.16], [47.53,20.28854]],
"supply": [[47.64,15], [47.65,219.14556], [47.66,5.87468], [47.68,7], [47.69,1.40438]],"timestamp":1585567880.687812,"currency":"XMRUSDT"},{"id":44794688,
"demand": [[3.879,14.009], [3.878,71.289], [3.872,6.661], [3.869,0.353], [3.868,0.452]],
"supply": [[3.887,0.036], [3.891,0.068], [3.895,0.034], [3.897,0.07], [3.898,2.169]],"timestamp":1585567879.822972,"currency":"XMRBNB"},{"id":719634649,
"demand": [[12.1999,15], [12.1998,6.62], [12.1997,945.93], [12.1943,4.09], [12.1933,64.4]],
"supply": [[12.2,1442.61], [12.2002,3], [12.2003,1], [12.2004,21.71], [12.2015,3.31]],"timestamp":1585567880.468173,"currency":"BNBUSDT"}]}
],"arbitrages_count": 1,"without_fees_count": 17123,"all_count": 221875}