{"arbitrage_stats":[{"score": 1.000111622,"supply_gain_index": [0, 0, 0],"demand_gain_index": [0, 0, 0],"supply_gain": 0,"demand_gain": 2.120817661e-06,"time_delta": 0.1736805,"pairs": [{"id":113965682,
"demand": [[82.02,67], [82.01,3.36571], [82,67], [81.99,1.08257], [81.98,67]],
"supply": [[82.13,13.17587], [82.14,17.88184], [82.15,23.8492], [82.16,7.07476], [82.18,60]],"timestamp":1582344425.215064,"currency":"XMRUSDT"},{"id":37840837,
"demand": [[3.697,53.525], [3.696,60], [3.695,10.516], [3.692,0.1], [3.688,0.26]],
"supply": [[3.704,0.019], [3.713,0.054], [3.718,1.109], [3.719,0.375], [3.721,0.054]],"timestamp":1582344424.388054,"currency":"XMRBNB"},{"id":622084339,
"demand": [[22.0567,28.5], [22.0566,10], [22.0565,159.96], [22.0555,4.28], [22.055,1106.7]],
"supply": [[22.0748,58.17], [22.0754,50], [22.0756,28.73], [22.0764,26.72], [22.0772,29.42]],"timestamp":1582344424.520676,"currency":"BNBUSDT"}]}
],"arbitrages_count": 1,"without_fees_count": 14726,"all_count": 158651}