{"arbitrage_stats":[{"score": 1.000146269,"supply_gain_index": [0, 0, 0],"demand_gain_index": [0, 0, 0],"supply_gain": 0,"demand_gain": 7.064807862e-05,"time_delta": 0.2212442,"pairs": [{"id":189635691,
"demand": [[61.41,30.32886], [61.4,12.60724], [61.39,74.36221], [61.37,8.32698], [61.36,91.29257]],
"supply": [[61.47,26.48641], [61.48,10.47267], [61.49,16.8925], [61.5,32.47], [61.51,9.25644]],"timestamp":1588670595.681310,"currency":"XMRUSDT"},{"id":50804592,
"demand": [[3.596,0.115], [3.595,0.045], [3.594,0.076], [3.593,0.115], [3.592,0.48]],
"supply": [[3.601,0.483], [3.602,8.546], [3.604,0.076], [3.606,0.164], [3.607,1.071]],"timestamp":1588670595.180926,"currency":"XMRBNB"},{"id":873957888,
"demand": [[16.9999,136.79], [16.9709,43.8], [16.9595,6.41], [16.9594,30.36], [16.9591,2.79]],
"supply": [[17,8009.4], [17.0011,191.2], [17.0145,151.09], [17.0329,41.73], [17.0415,52.72]],"timestamp":1588670595.947802,"currency":"BNBUSDT"}]}
],"arbitrages_count": 1,"without_fees_count": 24154,"all_count": 215975}