{"arbitrage_stats":[{"score": 1.000210445,"supply_gain_index": [0, 0, 0],"demand_gain_index": [0, 0, 0],"supply_gain": 1.431022724e-05,"demand_gain": 0,"time_delta": 0.03766649996,"pairs": [{"id":150693392,
"demand": [[47.13,10.914], [47.12,67.68161], [47.11,7.98129], [47.1,11.37731], [47.09,35.57147]],
"supply": [[47.17,1.37762], [47.18,52.25], [47.19,6.00025], [47.2,26.52364], [47.21,110.8711]],"timestamp":1585632262.298643,"currency":"XMRUSDT"},{"id":44905776,
"demand": [[3.863,0.068], [3.862,0.034], [3.861,0.034], [3.86,0.456], [3.859,0.034]],
"supply": [[3.864,4.468], [3.865,1.605], [3.877,3.211], [3.878,103.294], [3.883,0.076]],"timestamp":1585632261.996761,"currency":"XMRBNB"},{"id":722613444,
"demand": [[12.25,2217.15], [12.2366,151.09], [12.2255,147.84], [12.2144,220], [12.2103,1512]],
"supply": [[12.259,35], [12.2594,21.11], [12.2611,17.84], [12.2612,20.8], [12.2627,0.97]],"timestamp":1585632262.963749,"currency":"BNBUSDT"}]}
],"arbitrages_count": 4,"without_fees_count": 29422,"all_count": 212802}