{"arbitrage_stats":[{"score": 1.000422412,"supply_gain_index": [1, 4, 0],"demand_gain_index": [0, 0, 0],"supply_gain": 0.003644566762,"demand_gain": 0,"time_delta": 0.4168451,"pairs": [{"id":175479295,
"demand": [[61.18,7.64792], [61.16,18.47471], [61.15,6.5872], [61.14,44.66239], [61.13,17.95963]],
"supply": [[61.22,5.78281], [61.23,36.7259], [61.24,15.19478], [61.25,9.95961], [61.26,8.60274]],"timestamp":1587730678.844081,"currency":"XMRUSDT"},{"id":49304052,
"demand": [[3.85,0.311], [3.846,0.036], [3.842,0.034], [3.841,0.591], [3.84,8.628]],
"supply": [[3.86,4.417], [3.861,8.172], [3.863,10.827], [3.864,0.283], [3.865,1.615]],"timestamp":1587730678.603379,"currency":"XMRBNB"},{"id":828561038,
"demand": [[16,12876.98], [15.9904,30], [15.9849,151.09], [15.9454,1184], [15.9381,152.52]],
"supply": [[16.0001,57.96], [16.001,0.98], [16.0016,0.75], [16.0017,47.51], [16.0044,40.26]],"timestamp":1587730679.184267,"currency":"BNBUSDT"}]}
],"arbitrages_count": 1,"without_fees_count": 35250,"all_count": 224950}