{"arbitrage_stats":[{"score": 1.000624088,"supply_gain_index": [0, 0, 0],"demand_gain_index": [0, 0, 0],"supply_gain": 2.246716514e-05,"demand_gain": 0,"time_delta": 0.2179714,"pairs": [{"id":145178770,
"demand": [[44.44,5.84103], [44.41,33.65199], [44.4,3.47384], [44.38,6.5], [44.37,6.5]],
"supply": [[44.53,7.5021], [44.54,85], [44.56,25.60634], [44.57,45], [44.6,8.24]],"timestamp":1585032494.500477,"currency":"XMRUSDT"},{"id":43651537,
"demand": [[3.683,0.036], [3.68,0.15], [3.677,0.036], [3.675,1.105], [3.673,0.072]],
"supply": [[3.699,9.095], [3.7,3.184], [3.701,0.072], [3.702,0.105], [3.703,0.623]],"timestamp":1585032493.716340,"currency":"XMRBNB"},{"id":698300843,
"demand": [[12.1346,52.65], [12.1343,52.77], [12.1322,11.96], [12.1316,41.21], [12.131,24.59]],
"supply": [[12.1389,20.27], [12.1431,151.09], [12.1436,128.4], [12.1438,6.42], [12.144,11.96]],"timestamp":1585032494.217701,"currency":"BNBUSDT"}]}
],"arbitrages_count": 1,"without_fees_count": 30003,"all_count": 231352}