{"arbitrage_stats":[{"score": 1.000074447,"supply_gain_index": [0, 0, 0],"demand_gain_index": [0, 0, 0],"supply_gain": 0,"demand_gain": 0.009082553002,"time_delta": 0.1326544,"pairs": [{"id":328542192,
"demand": [[2.05e-06,3298757], [2.04e-06,5257039], [2.03e-06,8793802], [2.02e-06,2797588], [2.01e-06,3032968]],
"supply": [[2.06e-06,4674312], [2.07e-06,7591711], [2.08e-06,3062876], [2.09e-06,3774269], [2.1e-06,3164860]],"timestamp":1582608053.008620,"currency":"TRXBTC"},{"id":75520751,
"demand": [[0.000913,5228], [0.000912,133425], [0.000911,34610], [0.00091,4743], [0.000909,46634]],
"supply": [[0.000914,122], [0.000915,219972], [0.000916,65270], [0.000917,104102], [0.000918,114034]],"timestamp":1582608052.776347,"currency":"TRXBNB"},{"id":582996600,
"demand": [[0.0022357,3.74], [0.0022356,0.96], [0.0022355,5.07], [0.0022354,66.6], [0.0022353,464.83]],
"supply": [[0.002236,161.86], [0.0022365,2.5], [0.0022366,10.89], [0.0022375,159.05], [0.002238,53]],"timestamp":1582608053.648254,"currency":"BNBBTC"}]}
],"arbitrages_count": 1,"without_fees_count": 1095,"all_count": 127952}