{"arbitrage_stats":[{"score": 1.00036206,"supply_gain_index": [0, 0, 1],"demand_gain_index": [0, 0, 0],"supply_gain": 3.284604012,"demand_gain": 0,"time_delta": 0.1272941,"pairs": [{"id":335666518,
"demand": [[1.89e-06,3377094], [1.88e-06,2932500], [1.87e-06,3515546], [1.86e-06,3578848], [1.85e-06,3210763]],
"supply": [[1.9e-06,14094], [1.91e-06,826139], [1.92e-06,1715670], [1.93e-06,4833267], [1.94e-06,3670202]],"timestamp":1583744981.612698,"currency":"TRXBTC"},{"id":77950560,
"demand": [[0.000878,9072], [0.000876,3118], [0.000875,19119], [0.000874,1836], [0.000873,9621]],
"supply": [[0.000882,40192], [0.000883,47030], [0.000885,106244], [0.000886,19779], [0.000887,16628]],"timestamp":1583744980.734058,"currency":"TRXBNB"},{"id":597216998,
"demand": [[0.0021714,3.17], [0.0021713,8.7], [0.0021712,8.64], [0.0021711,2], [0.002171,8.98]],
"supply": [[0.0021728,22.47], [0.0021729,0.08], [0.002173,32.16], [0.0021733,0.05], [0.0021734,0.05]],"timestamp":1583744981.329865,"currency":"BNBBTC"}]}
],"arbitrages_count": 1,"without_fees_count": 2519,"all_count": 241979}