{"arbitrage_stats":[{"score": 1.000345542,"supply_gain_index": [0, 0, 0],"demand_gain_index": [0, 0, 0],"supply_gain": 9.953336042,"demand_gain": 0,"time_delta": 0.08570230007,"pairs": [{"id":330037501,
"demand": [[1.92e-06,9678229], [1.91e-06,4398300], [1.9e-06,3630461], [1.89e-06,3280871], [1.88e-06,3875333]],
"supply": [[1.93e-06,28805], [1.94e-06,831521], [1.95e-06,7103943], [1.96e-06,8812778], [1.97e-06,7231796]],"timestamp":1582818070.729296,"currency":"TRXBTC"},{"id":76060734,
"demand": [[0.000893,113802], [0.000892,32170], [0.000891,120424], [0.00089,12712], [0.000889,448993]],
"supply": [[0.000895,372], [0.000896,42421], [0.000897,35778], [0.000898,62883], [0.000899,23318]],"timestamp":1582818069.837938,"currency":"TRXBNB"},{"id":585829339,
"demand": [[0.0021685,39.96], [0.0021682,0.46], [0.0021678,0.56], [0.0021669,74.8], [0.0021668,14.84]],
"supply": [[0.0021691,11.1], [0.0021692,205.44], [0.0021697,110], [0.00217,40], [0.0021706,100]],"timestamp":1582818069.940596,"currency":"BNBBTC"}]}
],"arbitrages_count": 1,"without_fees_count": 2296,"all_count": 108600}