{"arbitrage_stats":[{"score": 1.001265473,"supply_gain_index": [0, 0, 0],"demand_gain_index": [0, 0, 0],"supply_gain": 7.246096027,"demand_gain": 0,"time_delta": 0.2430291999,"pairs": [{"id":368859255,
"demand": [[1.56e-06,9269966], [1.55e-06,5934030], [1.54e-06,5563636], [1.53e-06,3436100], [1.52e-06,1968559]],
"supply": [[1.57e-06,5726], [1.58e-06,9121910], [1.59e-06,8277554], [1.6e-06,9292534], [1.61e-06,5707347]],"timestamp":1589708296.471647,"currency":"TRXBTC"},{"id":89932420,
"demand": [[0.000922,32191], [0.000921,220], [0.00092,138961], [0.000919,238003], [0.000918,28432]],
"supply": [[0.000923,203295], [0.000924,99872], [0.000925,153820], [0.000926,10200], [0.000927,397105]],"timestamp":1589708295.710892,"currency":"TRXBNB"},{"id":670952233,
"demand": [[0.0017101,220.66], [0.00171,0.76], [0.0017097,0.39], [0.0017096,105.04], [0.0017089,148.83]],
"supply": [[0.0017103,14.21], [0.0017104,1.4], [0.001711,148.83], [0.0017111,145.4], [0.0017112,118.99]],"timestamp":1589708296.135274,"currency":"BNBBTC"}]}
],"arbitrages_count": 1,"without_fees_count": 2004,"all_count": 214578}