{"arbitrage_stats":[{"score": 1.000384148,"supply_gain_index": [0, 0, 0],"demand_gain_index": [0, 2, 0],"supply_gain": 0,"demand_gain": 0.0007652233195,"time_delta": 0.1607212999,"pairs": [{"id":800150050,
"demand": [[261.55,5.15467], [261.54,22.90273], [261.53,2.11021], [261.52,5.0017], [261.5,3]],
"supply": [[261.57,1.38533], [261.6,1.91146], [261.61,11.09379], [261.62,26.11021], [261.63,0.353]],"timestamp":1588969008.220665,"currency":"BCHUSDT"},{"id":44097497,
"demand": [[15.127,0.008], [15.104,1.911], [15.103,20], [15.1,0.117], [15.096,1.992]],
"supply": [[15.148,0.025], [15.15,0.117], [15.155,1.992], [15.156,0.1], [15.157,0.428]],"timestamp":1588969007.835684,"currency":"BCHBNB"},{"id":889955805,
"demand": [[17.1999,3.5], [17.1998,74.64], [17.1997,72.71], [17.19,5.78], [17.188,133.58]],
"supply": [[17.2,32182.73], [17.2075,151.09], [17.2122,49.92], [17.2125,153.56], [17.219,4.5]],"timestamp":1588969008.678666,"currency":"BNBUSDT"}]}
],"arbitrages_count": 1,"without_fees_count": 36970,"all_count": 234024}