{"arbitrage_stats":[{"score": 1.000385412,"supply_gain_index": [0, 0, 0],"demand_gain_index": [0, 0, 0],"supply_gain": 4.488140852e-06,"demand_gain": 0,"time_delta": 0.3490344,"pairs": [{"id":664527803,
"demand": [[239.81,34.2517], [239.8,0.41666], [239.69,2], [239.63,14.57526], [239.55,0.66269]],
"supply": [[239.85,1.47041], [239.87,2.26348], [239.9,2252.41879], [239.97,4.89792], [240.17,2.08316]],"timestamp":1587217912.065117,"currency":"BCHUSDT"},{"id":40155627,
"demand": [[14.648,0.224], [14.639,0.739], [14.631,0.136], [14.629,0.04], [14.627,0.077]],
"supply": [[14.694,0.763], [14.695,2.078], [14.697,0.262], [14.699,9.06], [14.751,20]],"timestamp":1587217911.385922,"currency":"BCHBNB"},{"id":804235500,
"demand": [[16.4298,0.17], [16.4203,149.8], [16.4202,17.26], [16.42,35.59], [16.4095,10.74]],
"supply": [[16.4329,37.66], [16.433,37.78], [16.4336,3.04], [16.4341,9.72], [16.4349,27.55]],"timestamp":1587217911.452444,"currency":"BNBUSDT"}]}
],"arbitrages_count": 1,"without_fees_count": 15550,"all_count": 232590}