{"arbitrage_stats":[{"score": 1.000232466,"supply_gain_index": [0, 0, 0],"demand_gain_index": [0, 0, 0],"supply_gain": 0.0001534273326,"demand_gain": 0,"time_delta": 0.1211313,"pairs": [{"id":707522929,
"demand": [[240.4,6.41647], [240.38,5.55048], [240.37,0.213], [240.36,0.06882], [240.35,0.12007]],
"supply": [[240.45,5.05362], [240.46,5.17464], [240.59,1.48207], [240.6,22], [240.62,2.06551]],"timestamp":1587830053.619710,"currency":"BCHUSDT"},{"id":41842401,
"demand": [[14.855,0.66], [14.85,0.058], [14.849,0.01], [14.848,0.21], [14.844,0.034]],
"supply": [[14.924,3.951], [14.925,0.1], [14.928,0.222], [14.932,4.361], [14.933,4.108]],"timestamp":1587830052.392531,"currency":"BCHBNB"},{"id":833036746,
"demand": [[16.2389,38.67], [16.2384,2.08], [16.2377,0.97], [16.2364,12.31], [16.2361,5.3]],
"supply": [[16.25,9.49], [16.2504,100], [16.2505,211.86], [16.2506,10.62], [16.2561,17.79]],"timestamp":1587830053.465149,"currency":"BNBUSDT"}]}
],"arbitrages_count": 1,"without_fees_count": 21408,"all_count": 195927}