{"arbitrage_stats":[{"score": 1.000581041,"supply_gain_index": [2, 2, 0],"demand_gain_index": [0, 0, 0],"supply_gain": 0.001553703514,"demand_gain": 0,"time_delta": 0.3872022,"pairs": [{"id":702426813,
"demand": [[238.49,1.46511], [238.47,35.29626], [238.46,31.92448], [238.44,22.56887], [238.43,24]],
"supply": [[238.5,0.52662], [238.51,0.163], [238.52,23.99998], [238.54,1.44938], [238.55,3.83997]],"timestamp":1587730679.094393,"currency":"BCHUSDT"},{"id":41611683,
"demand": [[14.963,0.963], [14.962,0.218], [14.961,2.674], [14.951,3.273], [14.949,20]],
"supply": [[15.008,0.218], [15.009,12.249], [15.01,20], [15.011,10], [15.019,12.249]],"timestamp":1587730678.550193,"currency":"BCHBNB"},{"id":828561038,
"demand": [[16,12876.98], [15.9904,30], [15.9849,151.09], [15.9454,1184], [15.9381,152.52]],
"supply": [[16.0001,57.96], [16.001,0.98], [16.0016,0.75], [16.0017,47.51], [16.0044,40.26]],"timestamp":1587730679.184267,"currency":"BNBUSDT"}]}
],"arbitrages_count": 1,"without_fees_count": 16816,"all_count": 227168}