{"arbitrage_stats":[{"score": 1.000375096,"supply_gain_index": [0, 0, 0],"demand_gain_index": [0, 0, 0],"supply_gain": 0,"demand_gain": 0.01449364801,"time_delta": 0.4022432,"pairs": [{"id":557335361,
"demand": [[244.45,38.63985], [244.42,11.77073], [244.31,7.5], [244.29,14.89997], [244.21,10.89997]],
"supply": [[244.54,0.23047], [244.68,0.37], [244.77,1.33885], [244.78,1.79878], [244.79,12.13837]],"timestamp":1585846979.051713,"currency":"BCHUSDT"},{"id":35356480,
"demand": [[18.071,2.915], [18.07,6.991], [18.068,1.289], [18.067,3.852], [18.065,9.605]],
"supply": [[18.1,4562.177], [18.103,0.2], [18.108,0.02], [18.109,1.257], [18.111,0.04]],"timestamp":1585846979.340903,"currency":"BCHBNB"},{"id":733252731,
"demand": [[13.4584,58.86], [13.4583,125.16], [13.4582,10], [13.4581,0.8], [13.4517,1.49]],
"supply": [[13.46,8605.98], [13.4604,15], [13.4629,12.16], [13.4632,5.41], [13.4633,1.13]],"timestamp":1585846979.648955,"currency":"BNBUSDT"}]}
],"arbitrages_count": 3,"without_fees_count": 39144,"all_count": 241755}