{"arbitrage_stats":[{"score": 1.001397716,"supply_gain_index": [0, 0, 1],"demand_gain_index": [0, 0, 0],"supply_gain": 0.01510788899,"demand_gain": 0,"time_delta": 0.5429024,"pairs": [{"id":312342273,
"demand": [[390.55,1.73857], [390.46,9.989], [390.45,8.49932], [390.2,0.15], [390.06,11.01112]],
"supply": [[390.56,405.72222], [392.01,3.5], [392.09,0.48266], [392.1,8.41035], [392.11,2.28449]],"timestamp":1582438831.056573,"currency":"BCHUSDT"},{"id":21948838,
"demand": [[17.228,11.261], [17.219,0.082], [17.176,0.04], [17.171,0.111], [17.168,0.099]],
"supply": [[17.283,1.166], [17.284,1.154], [17.285,1.274], [17.286,1.729], [17.29,1.114]],"timestamp":1582438830.574103,"currency":"BCHBNB"},{"id":623835574,
"demand": [[22.7725,25], [22.77,185.4], [22.7528,22.87], [22.7519,77.14], [22.7506,29.39]],
"supply": [[22.7747,52.43], [22.7752,135.89], [22.7758,88.81], [22.7764,89.88], [22.779,101.94]],"timestamp":1582438830.778581,"currency":"BNBUSDT"}]}
],"arbitrages_count": 1,"without_fees_count": 13958,"all_count": 160393}