{"arbitrage_stats":[{"score": 1.000030664,"supply_gain_index": [0, 0, 0],"demand_gain_index": [0, 0, 0],"supply_gain": 1.205109966e-05,"demand_gain": 0,"time_delta": 0.3807525999,"pairs": [{"id":608191796,
"demand": [[236.68,72], [236.65,0.84027], [236.32,2.10944], [236.2,8.38934], [236.18,2.35013]],
"supply": [[236.9,6.4742], [237.31,3.20761], [237.35,4.09041], [237.37,2.91657], [237.38,142]],"timestamp":1586494979.424632,"currency":"BCHUSDT"},{"id":37705205,
"demand": [[16.755,0.393], [16.753,0.094], [16.752,0.035], [16.75,0.415], [16.748,0.011]],
"supply": [[16.831,1.248], [16.868,0.006], [16.871,0.963], [16.873,0.054], [16.876,0.18]],"timestamp":1586494978.828019,"currency":"BCHBNB"},{"id":771556410,
"demand": [[14.182,668.74], [14.18,69], [14.1795,5.41], [14.1785,2.82], [14.1783,9.39]],
"supply": [[14.1905,3.03], [14.1906,33.43], [14.1911,15], [14.1919,32.92], [14.1924,151.09]],"timestamp":1586494979.162069,"currency":"BNBUSDT"}]}
],"arbitrages_count": 1,"without_fees_count": 28797,"all_count": 245535}