{"arbitrage_stats":[{"score": 1.000499677,"supply_gain_index": [0, 0, 3],"demand_gain_index": [0, 0, 0],"supply_gain": 0.002890634132,"demand_gain": 0,"time_delta": 0.1111264001,"pairs": [{"id":550796229,
"demand": [[214.01,4.62263], [213.97,4.66886], [213.9,18.65193], [213.77,7.27848], [213.74,49.5]],
"supply": [[214.02,23.79384], [214.03,31.50478], [214.12,7.77414], [214.23,3.98749], [214.28,3.99999]],"timestamp":1585756951.642270,"currency":"BCHUSDT"},{"id":35119979,
"demand": [[17.617,5.785], [17.616,0.176], [17.612,0.007], [17.611,0.016], [17.609,1.081]],
"supply": [[17.663,0.81], [17.664,1.518], [17.673,3.672], [17.675,8.863], [17.677,0.535]],"timestamp":1585756950.747517,"currency":"BCHBNB"},{"id":727158070,
"demand": [[12.1922,3.65], [12.1913,10], [12.1912,86.22], [12.1911,182.4], [12.191,1.13]],
"supply": [[12.1976,45], [12.199,4.94], [12.1992,53.05], [12.1996,180], [12.2,11.04]],"timestamp":1585756951.441021,"currency":"BNBUSDT"}]}
],"arbitrages_count": 1,"without_fees_count": 28885,"all_count": 236219}