{"arbitrage_stats":[{"score": 1.001028984,"supply_gain_index": [0, 0, 0],"demand_gain_index": [0, 0, 0],"supply_gain": 0.01226754689,"demand_gain": 0,"time_delta": 0.4094463,"pairs": [{"id":1027657882,
"demand": [[47.51,40.79534], [47.5,10.71657], [47.49,68.19008], [47.48,49.33936], [47.47,62.82627]],
"supply": [[47.52,125.87674], [47.53,97.71721], [47.54,168.7869], [47.55,95.48236], [47.56,37.6]],"timestamp":1588874796.946199,"currency":"LTCUSDT"},{"id":218531551,
"demand": [[0.22401,11.922], [0.224,0.387], [0.22387,0.072], [0.22339,32.533], [0.22333,0.051]],
"supply": [[0.22494,13.91], [0.22495,20.707], [0.22496,10.511], [0.22497,10.7], [0.22498,9.769]],"timestamp":1588874796.644248,"currency":"LTCETH"},{"id":1896591746,
"demand": [[212.99,2602.69367], [212.63,6.1], [212.22,0.21311], [212.17,182], [212.16,6.00016]],
"supply": [[213,733.43991], [213.01,1], [213.02,0.52875], [213.03,0.08302], [213.04,0.8]],"timestamp":1588874797.254795,"currency":"ETHUSDT"}]}
],"arbitrages_count": 1,"without_fees_count": 7737,"all_count": 252215}