{"arbitrage_stats":[{"score": 1.00007767,"supply_gain_index": [0, 0, 0],"demand_gain_index": [0, 0, 0],"supply_gain": 0.0002339417034,"demand_gain": 0,"time_delta": 0.314134,"pairs": [{"id":801606234,
"demand": [[51.69,173.75186], [51.68,11.57431], [51.67,25.17894], [51.66,63.98677], [51.65,34.81422]],
"supply": [[51.72,29.71938], [51.73,22.56225], [51.75,5.7971], [51.76,3.63875], [51.77,38.71093]],"timestamp":1583712124.900049,"currency":"LTCUSDT"},{"id":200636631,
"demand": [[0.254,3.012], [0.25294,8.56], [0.25293,0.08], [0.25263,3.853], [0.25262,6]],
"supply": [[0.25417,13.523], [0.25418,24.6], [0.25419,36.095], [0.25421,36.766], [0.25453,4.78]],"timestamp":1583712124.553660,"currency":"LTCETH"},{"id":1373065519,
"demand": [[204.25,4.16971], [204.24,1.30579], [204.19,11.41763], [204.14,16], [204.12,10]],
"supply": [[204.38,1.28644], [204.39,1.66793], [204.4,0.57451], [204.42,8.10748], [204.43,8.0747]],"timestamp":1583712124.154235,"currency":"ETHUSDT"}]}
],"arbitrages_count": 2,"without_fees_count": 5198,"all_count": 255351}