{"arbitrage_stats":[{"score": 1.002595617,"supply_gain_index": [0, 0, 1],"demand_gain_index": [0, 0, 0],"supply_gain": 0.005123748085,"demand_gain": 0,"time_delta": 0.07080879994,"pairs": [{"id":750204544,
"demand": [[59.59,6.21279], [59.56,1.66218], [59.53,1.09188], [59.52,0.47426], [59.51,102.54588]],
"supply": [[59.6,636.74027], [59.81,2.997], [59.85,2.61005], [59.93,26.1], [59.96,24.37316]],"timestamp":1582761707.438453,"currency":"LTCUSDT"},{"id":196958332,
"demand": [[0.26915,1.974], [0.26914,0.491], [0.26913,0.209], [0.26909,0.173], [0.26908,0.28]],
"supply": [[0.2705,18.3], [0.27051,3.935], [0.27053,2.244], [0.27055,14.577], [0.27065,62.225]],"timestamp":1582761706.506964,"currency":"LTCETH"},{"id":1300223469,
"demand": [[222.69,0.26341], [222.68,0.69912], [222.67,21.4894], [222.64,10.067], [222.61,2.4]],
"supply": [[222.81,5.08654], [222.82,53], [222.83,14.017], [222.84,6.72], [222.85,6.43856]],"timestamp":1582761707.032191,"currency":"ETHUSDT"}]}
],"arbitrages_count": 1,"without_fees_count": 4637,"all_count": 143154}