{"arbitrage_stats":[{"score": 1.000657942,"supply_gain_index": [0, 0, 0],"demand_gain_index": [0, 0, 0],"supply_gain": 0,"demand_gain": 0.000384896277,"time_delta": 0.259063,"pairs": [{"id":1054551791,
"demand": [[43.54,221.24709], [43.53,40.92738], [43.52,47.04743], [43.51,153.78528], [43.5,717.43367]],
"supply": [[43.57,164.48914], [43.58,104.60442], [43.59,68.23782], [43.6,416.17546], [43.61,609.30116]],"timestamp":1589474028.629189,"currency":"LTCUSDT"},{"id":220149404,
"demand": [[0.21836,0.74], [0.21812,0.55], [0.21797,0.252], [0.21752,2.916], [0.2175,0.529]],
"supply": [[0.21861,0.585], [0.21862,0.593], [0.21863,0.133], [0.21865,0.284], [0.21866,0.25]],"timestamp":1589474027.889596,"currency":"LTCETH"},{"id":1967277527,
"demand": [[198.4,14.75413], [198.39,0.39589], [198.38,6.03651], [198.37,0.1], [198.36,2.23288]],
"supply": [[198.44,20.97888], [198.49,20.85431], [198.55,1.22102], [198.69,7.94506], [198.8,0.78106]],"timestamp":1589474028.632436,"currency":"ETHUSDT"}]}
],"arbitrages_count": 1,"without_fees_count": 10109,"all_count": 250334}