{"arbitrage_stats":[{"score": 1.000214323,"supply_gain_index": [0, 0, 0],"demand_gain_index": [0, 0, 0],"supply_gain": 6.429696576e-07,"demand_gain": 0,"time_delta": 0.9647791,"pairs": [{"id":179615165,
"demand": [[0.31098,33.577], [0.31057,0.145], [0.31036,144.057], [0.31033,6.25], [0.31032,1.693]],
"supply": [[0.311,268.559], [0.31251,4.173], [0.31252,1.421], [0.31253,3.21], [0.31255,2.833]],"timestamp":1587934732.198131,"currency":"XMRETH"},{"id":49676275,
"demand": [[3.764,0.003], [3.762,0.318], [3.761,0.035], [3.76,0.035], [3.759,0.599]],
"supply": [[3.771,3.433], [3.772,8.596], [3.773,34.571], [3.774,0.588], [3.775,0.472]],"timestamp":1587934732.227317,"currency":"XMRBNB"},{"id":278572907,
"demand": [[0.082891,0.13], [0.082858,3.22], [0.082857,10], [0.082854,0.14], [0.082852,67.32]],
"supply": [[0.083026,55.64], [0.083027,10.66], [0.083029,28.27], [0.08303,144.76], [0.083032,102.86]],"timestamp":1587934732.232537,"currency":"BNBETH"}]}
],"arbitrages_count": 3,"without_fees_count": 965,"all_count": 175091}