{"arbitrage_stats":[{"score": 1.002234762,"supply_gain_index": [0, 0, 0],"demand_gain_index": [0, 0, 0],"supply_gain": 0,"demand_gain": 0.0003329795521,"time_delta": 0.5578986,"pairs": [{"id":183518149,
"demand": [[0.31616,0.149], [0.315,1.578], [0.31468,1.21], [0.31418,0.04], [0.31375,0.055]],
"supply": [[0.31666,2.079], [0.31796,2.9], [0.3183,0.863], [0.31882,1.081], [0.31889,0.098]],"timestamp":1589450995.281713,"currency":"XMRETH"},{"id":52093352,
"demand": [[3.889,13.507], [3.888,3.258], [3.887,0.34], [3.886,0.07], [3.885,0.034]],
"supply": [[3.918,4.386], [3.919,0.093], [3.92,0.223], [3.921,0.035], [3.922,0.8]],"timestamp":1589450995.327675,"currency":"XMRBNB"},{"id":285459166,
"demand": [[0.080123,17.6], [0.080115,0.24], [0.080113,10.06], [0.08011,0.44], [0.080103,0.4]],
"supply": [[0.080273,44.61], [0.080516,30.94], [0.080795,106.1], [0.080833,9.5], [0.080835,0.56]],"timestamp":1589450995.663489,"currency":"BNBETH"}]}
],"arbitrages_count": 1,"without_fees_count": 79,"all_count": 196826}