{"arbitrage_stats":[{"score": 1.000117819,"supply_gain_index": [0, 0, 1],"demand_gain_index": [0, 0, 0],"supply_gain": 2.939983116e-05,"demand_gain": 0,"time_delta": 0.5279375999,"pairs": [{"id":183702989,
"demand": [[0.32067,0.204], [0.32065,0.055], [0.32064,0.036], [0.32059,16.799], [0.32058,0.149]],
"supply": [[0.32146,16.798], [0.32147,7.748], [0.32149,13.504], [0.3215,22.184], [0.32151,13.481]],"timestamp":1589524058.339201,"currency":"XMRETH"},{"id":52181999,
"demand": [[4.02,37.963], [3.998,16.603], [3.997,0.033], [3.996,2.696], [3.995,8.137]],
"supply": [[4.021,0.068], [4.023,0.494], [4.024,0.225], [4.025,17.332], [4.026,0.909]],"timestamp":1589524058.329700,"currency":"XMRBNB"},{"id":285805972,
"demand": [[0.080216,0.13], [0.080215,1], [0.080204,2.98], [0.0802,2611.21], [0.080195,2.48]],
"supply": [[0.080344,125], [0.080345,31.02], [0.080346,103], [0.080347,53.9], [0.080349,0.41]],"timestamp":1589524057.867011,"currency":"BNBETH"}]}
],"arbitrages_count": 2,"without_fees_count": 205,"all_count": 63277}