{"arbitrage_stats":[{"score": 1.00108322,"supply_gain_index": [0, 0, 0],"demand_gain_index": [0, 0, 0],"supply_gain": 0.0002285594136,"demand_gain": 0,"time_delta": 0.01835299993,"pairs": [{"id":177313926,
"demand": [[0.33393,3.235], [0.33391,7.487], [0.33364,9.345], [0.33323,0.703], [0.33322,4.793]],
"supply": [[0.33405,0.822], [0.33597,4.494], [0.33599,13.839], [0.33602,3.147], [0.33605,0.043]],"timestamp":1587021647.352444,"currency":"XMRETH"},{"id":47674079,
"demand": [[3.595,0.211], [3.591,0.036], [3.589,0.037], [3.587,0.24], [3.585,0.111]],
"supply": [[3.605,0.624], [3.606,9.993], [3.608,0.166], [3.609,0.037], [3.61,5.389]],"timestamp":1587021648.322780,"currency":"XMRBNB"},{"id":273633209,
"demand": [[0.093301,15], [0.093173,0.27], [0.093149,80], [0.093086,105], [0.093041,11.59]],
"supply": [[0.093358,0.05], [0.093364,1.04], [0.093372,1.07], [0.093377,18], [0.09338,1]],"timestamp":1587021648.038585,"currency":"BNBETH"}]}
],"arbitrages_count": 2,"without_fees_count": 128,"all_count": 206067}