{"arbitrage_stats":[{"score": 1.000158434,"supply_gain_index": [0, 0, 1],"demand_gain_index": [0, 0, 0],"supply_gain": 4.578739286e-05,"demand_gain": 0,"time_delta": 0.5606368,"pairs": [{"id":172147129,
"demand": [[0.36319,1.318], [0.36318,0.137], [0.36306,0.07], [0.36305,0.3], [0.36295,0.036]],
"supply": [[0.3632,454.877], [0.36632,5.703], [0.36633,9.563], [0.36634,0.474], [0.36637,3.931]],"timestamp":1585352813.658039,"currency":"XMRETH"},{"id":44405041,
"demand": [[3.901,0.289], [3.9,1.26], [3.899,0.5], [3.897,0.08], [3.896,0.401]],
"supply": [[3.916,3.259], [3.917,2.482], [3.918,0.036], [3.92,0.076], [3.924,0.252]],"timestamp":1585352813.246426,"currency":"XMRBNB"},{"id":265657367,
"demand": [[0.093421,0.21], [0.093399,38.68], [0.093376,2], [0.093368,21.67], [0.093299,3]],
"supply": [[0.093519,0.21], [0.093541,23.39], [0.093566,0.16], [0.093586,0.79], [0.093658,1.85]],"timestamp":1585352813.690975,"currency":"BNBETH"}]}
],"arbitrages_count": 2,"without_fees_count": 726,"all_count": 204617}