{"arbitrage_stats":[{"score": 1.0000526,"supply_gain_index": [0, 0, 0],"demand_gain_index": [0, 0, 0],"supply_gain": 5.733451999e-06,"demand_gain": 0,"time_delta": 0.0479152,"pairs": [{"id":169217333,
"demand": [[0.31628,0.836], [0.31627,0.105], [0.31606,6.171], [0.31605,4.557], [0.31558,0.042]],
"supply": [[0.31704,0.78], [0.31997,12.949], [0.31998,4.601], [0.31999,0.78], [0.32,34.917]],"timestamp":1584505639.316993,"currency":"XMRETH"},{"id":42441383,
"demand": [[3.604,0.109], [3.602,0.411], [3.601,0.286], [3.6,0.076], [3.599,0.036]],
"supply": [[3.622,6.077], [3.623,6.099], [3.624,0.019], [3.625,0.197], [3.626,0.482]],"timestamp":1584505638.365445,"currency":"XMRBNB"},{"id":261654204,
"demand": [[0.088238,52.08], [0.088237,0.22], [0.088216,11.61], [0.088215,193.37], [0.088146,32.9]],
"supply": [[0.0883,0.51], [0.088315,0.3], [0.088326,1.9], [0.088333,0.51], [0.088355,1]],"timestamp":1584505639.308365,"currency":"BNBETH"}]}
],"arbitrages_count": 1,"without_fees_count": 1826,"all_count": 219264}