{"arbitrage_stats":[{"score": 1.000437893,"supply_gain_index": [0, 0, 0],"demand_gain_index": [0, 0, 0],"supply_gain": 0,"demand_gain": 1.401258645e-05,"time_delta": 0.5564957,"pairs": [{"id":178297315,
"demand": [[0.31865,0.032], [0.31622,6.246], [0.31621,12.47], [0.3162,1.42], [0.31602,0.127]],
"supply": [[0.31871,4.837], [0.31872,0.936], [0.31873,12.472], [0.31874,0.032], [0.31875,60]],"timestamp":1587406043.758034,"currency":"XMRETH"},{"id":48493595,
"demand": [[3.612,0.036], [3.608,0.06], [3.607,0.59], [3.606,0.074], [3.605,5.865]],
"supply": [[3.623,0.739], [3.624,0.718], [3.625,0.713], [3.626,0.962], [3.627,0.956]],"timestamp":1587406044.031297,"currency":"XMRBNB"},{"id":275967182,
"demand": [[0.08748,75.36], [0.087478,3.21], [0.087477,45.09], [0.087475,13.43], [0.087474,86.98]],
"supply": [[0.08765,75.68], [0.087651,0.31], [0.087653,0.33], [0.087655,0.12], [0.087732,0.33]],"timestamp":1587406044.195130,"currency":"BNBETH"}]}
],"arbitrages_count": 3,"without_fees_count": 989,"all_count": 196629}