{"arbitrage_stats":[{"score": 1.000362801,"supply_gain_index": [0, 0, 0],"demand_gain_index": [0, 0, 1],"supply_gain": 0,"demand_gain": 0.004448182271,"time_delta": 0.577131,"pairs": [{"id":702077725,
"demand": [[238.44,12.26066], [238.43,2.91509], [238.42,7.87515], [238.37,3.67149], [238.34,1.3704]],
"supply": [[238.52,1.48], [238.55,7.86897], [238.58,0.12238], [238.59,6.29062], [238.61,3.5]],"timestamp":1587726331.721503,"currency":"BCHUSDT"},{"id":171938810,
"demand": [[0.031259,0.037], [0.031258,0.384], [0.031257,1.299], [0.031256,0.025], [0.031252,0.027]],
"supply": [[0.03127,21.844], [0.03129,0.263], [0.031406,7.682], [0.031407,1.07], [0.031408,22.361]],"timestamp":1587726332.158101,"currency":"BCHBTC"},{"id":3474027274,
"demand": [[7599.31,1.514085], [7594.65,0.029028], [7593.56,0.181121], [7591.99,0.00306], [7589.8,4]],
"supply": [[7599.49,0.263175], [7599.59,0.526752], [7599.94,1.053505], [7600,74.543071], [7600.1,0.005891]],"timestamp":1587726332.001750,"currency":"BTCUSDT"}]}
],"arbitrages_count": 1,"without_fees_count": 22017,"all_count": 256512}