{"arbitrage_stats":[{"score": 1.000221211,"supply_gain_index": [0, 0, 0],"demand_gain_index": [0, 0, 0],"supply_gain": 0,"demand_gain": 0.001646914001,"time_delta": 0.4707339,"pairs": [{"id":748321193,
"demand": [[256,95.07522], [255.96,0.0977], [255.95,3.69011], [255.87,4.35174], [255.82,1.68444]],
"supply": [[256.01,85.79635], [256.02,15.7587], [256.04,24], [256.05,13.63984], [256.08,2.00051]],"timestamp":1588336344.229476,"currency":"BCHUSDT"},{"id":178995586,
"demand": [[0.028828,3.125], [0.028803,154.874], [0.028802,13.056], [0.028801,25], [0.028798,12]],
"supply": [[0.02884,7.445], [0.028854,0.247], [0.028856,0.005], [0.028858,0.005], [0.028859,2]],"timestamp":1588336344.433971,"currency":"BCHBTC"},{"id":3609825509,
"demand": [[8844.01,0.214402], [8843.83,0.080849], [8842.86,0.063698], [8841.91,0.153365], [8841.81,0.303]],
"supply": [[8848,3.802082], [8849,0.103525], [8849.66,0.022511], [8850,13.306766], [8851,0.13377]],"timestamp":1588336344.691711,"currency":"BTCUSDT"}]}
],"arbitrages_count": 1,"without_fees_count": 19365,"all_count": 258184}