{"arbitrage_stats":[{"score": 1.000204459,"supply_gain_index": [0, 0, 0],"demand_gain_index": [0, 0, 0],"supply_gain": 0,"demand_gain": 6.39956012e-05,"time_delta": 0.0900172001,"pairs": [{"id":648895972,
"demand": [[221.02,7.89161], [221.01,14.00025], [220.96,8.08], [220.57,133.3], [220.41,2.391]],
"supply": [[221.04,21.12715], [221.4,15.81521], [221.58,1.44837], [221.73,24.321], [221.74,63.43889]],"timestamp":1587020628.630711,"currency":"BCHUSDT"},{"id":163022620,
"demand": [[0.032311,7.928], [0.03231,71.642], [0.032309,80.706], [0.032305,13.396], [0.032301,32.517]],
"supply": [[0.03235,0.313], [0.032364,1.519], [0.032365,0.959], [0.032366,5.017], [0.032367,0.004]],"timestamp":1587020628.035048,"currency":"BCHBTC"},{"id":3332606041,
"demand": [[6809.76,1], [6809.45,0.34436], [6809.42,1], [6809.41,0.086163], [6809.15,0.065157]],
"supply": [[6810.28,0.177526], [6815.38,0.263062], [6816,0.353231], [6816.03,0.00687], [6816.18,0.00418]],"timestamp":1587020627.713651,"currency":"BTCUSDT"}]}
],"arbitrages_count": 1,"without_fees_count": 23117,"all_count": 258384}