{"arbitrage_stats":[{"score": 1.000277484,"supply_gain_index": [0, 0, 0],"demand_gain_index": [0, 0, 0],"supply_gain": 0.0003601748407,"demand_gain": 0,"time_delta": 0.001762799919,"pairs": [{"id":312342273,
"demand": [[390.55,1.73857], [390.46,9.989], [390.45,8.49932], [390.2,0.15], [390.06,11.01112]],
"supply": [[390.56,405.72222], [392.01,3.5], [392.09,0.48266], [392.1,8.41035], [392.11,2.28449]],"timestamp":1582438831.056573,"currency":"BCHUSDT"},{"id":87743029,
"demand": [[0.039546,1.298], [0.039536,0.264], [0.039534,4], [0.039533,2.02], [0.039531,7.905]],
"supply": [[0.039589,7.062], [0.03959,30], [0.039591,3.745], [0.039592,2], [0.039593,0.156]],"timestamp":1582438830.452810,"currency":"BCHBTC"},{"id":2204213014,
"demand": [[9908.53,1.958057], [9908.52,2.042274], [9908.44,0.020539], [9908.2,0.08114], [9908,0.006445]],
"supply": [[9909.12,0.088135], [9909.13,0.088135], [9909.14,0.088135], [9909.15,0.088135], [9909.19,0.070812]],"timestamp":1582438830.050315,"currency":"BTCUSDT"}]}
],"arbitrages_count": 1,"without_fees_count": 7375,"all_count": 217063}