{"arbitrage_stats":[{"score": 1.00090127,"supply_gain_index": [0, 0, 0],"demand_gain_index": [0, 0, 0],"supply_gain": 0.8264647644,"demand_gain": 0,"time_delta": 0.5442865001,"pairs": [{"id":932846608,
"demand": [[0.16084,5298.2], [0.16078,2212], [0.16077,61584.7], [0.16076,32452.3], [0.16075,4424.4]],
"supply": [[0.16087,1846.5], [0.16089,3193], [0.16092,69], [0.16093,5861.4], [0.16096,1009.2]],"timestamp":1584968791.109867,"currency":"XRPUSDT"},{"id":577254986,
"demand": [[2.46e-05,917], [2.458e-05,43498], [2.457e-05,12002], [2.456e-05,22778], [2.455e-05,68235]],
"supply": [[2.461e-05,8219], [2.462e-05,15123], [2.463e-05,65873], [2.464e-05,14200], [2.465e-05,45520]],"timestamp":1584968790.940074,"currency":"XRPBTC"},{"id":2865963443,
"demand": [[6565,43.642342], [6561,0.32942], [6554.57,0.005], [6554.11,0.215495], [6554.03,0.679485]],
"supply": [[6565.99,3.91457], [6566,0.14956], [6566.24,0.001676], [6566.36,0.68318], [6566.68,0.001921]],"timestamp":1584968791.345320,"currency":"BTCUSDT"}]}
],"arbitrages_count": 1,"without_fees_count": 19558,"all_count": 258737}