{"arbitrage_stats":[{"score": 1.000312172,"supply_gain_index": [0, 0, 0],"demand_gain_index": [0, 0, 0],"supply_gain": 0.7348534815,"demand_gain": 0,"time_delta": 0.006358399987,"pairs": [{"id":1006043678,
"demand": [[0.18051,5196.9], [0.1805,402.4], [0.18049,668], [0.18047,5989.4], [0.18045,568]],
"supply": [[0.18059,2354], [0.18068,2928.2], [0.1807,1005], [0.18072,8246.7], [0.18073,5065.8]],"timestamp":1586737904.708462,"currency":"XRPUSDT"},{"id":596400354,
"demand": [[2.737e-05,7830], [2.736e-05,18], [2.735e-05,2060], [2.734e-05,2561], [2.733e-05,58457]],
"supply": [[2.738e-05,608], [2.739e-05,10000], [2.74e-05,2297], [2.741e-05,21340], [2.742e-05,17562]],"timestamp":1586737904.688754,"currency":"XRPBTC"},{"id":3274256311,
"demand": [[6620,9.193021], [6607.01,0.638737], [6606,0.006048], [6605,0.102514], [6604.66,8.179951]],
"supply": [[6620.09,0.072568], [6620.58,0.404], [6621.33,0.25], [6622.61,0.2], [6623.21,0.699001]],"timestamp":1586737905.679485,"currency":"BTCUSDT"}]}
],"arbitrages_count": 1,"without_fees_count": 22409,"all_count": 257557}