{"arbitrage_stats":[{"score": 1.00079391,"supply_gain_index": [0, 0, 0],"demand_gain_index": [3, 0, 0],"supply_gain": 0,"demand_gain": 4.375238202,"time_delta": 0.3268974,"pairs": [{"id":1082572380,
"demand": [[0.2183,2101.4], [0.21828,2685], [0.21826,1374.5], [0.21825,23384.7], [0.21824,247]],
"supply": [[0.21831,2919.7], [0.21838,2638], [0.21839,9884.1], [0.21841,1007], [0.21843,1177]],"timestamp":1588552763.787973,"currency":"XRPUSDT"},{"id":613241596,
"demand": [[2.47e-05,37386], [2.469e-05,107715], [2.468e-05,97263], [2.467e-05,36861], [2.466e-05,95462]],
"supply": [[2.471e-05,5511], [2.472e-05,2213], [2.473e-05,2242], [2.474e-05,90183], [2.475e-05,26677]],"timestamp":1588552763.883706,"currency":"XRPBTC"},{"id":3665516324,
"demand": [[8797.04,0.894024], [8797,0.025064], [8796.91,0.923436], [8796.85,0.003167], [8796.84,0.001148]],
"supply": [[8799,8.146913], [8799.5,0.145586], [8799.9,0.001178], [8800,3.219278], [8801,1.211989]],"timestamp":1588552764.459484,"currency":"BTCUSDT"}]}
],"arbitrages_count": 1,"without_fees_count": 22179,"all_count": 256101}