{"arbitrage_stats":[{"score": 1.000127521,"supply_gain_index": [0, 0, 0],"demand_gain_index": [0, 0, 0],"supply_gain": 0.1256082767,"demand_gain": 0,"time_delta": 0.07643290004,"pairs": [{"id":785125017,
"demand": [[0.29305,285.6], [0.293,11.7], [0.29296,1506.9], [0.29286,2979.4], [0.29285,60]],
"supply": [[0.29312,985], [0.29313,980.9], [0.29317,500.1], [0.29318,10500], [0.2932,661.2]],"timestamp":1582047209.127295,"currency":"XRPUSDT"},{"id":540420268,
"demand": [[2.97e-05,1773052], [2.962e-05,6148], [2.96e-05,3531], [2.959e-05,75905], [2.958e-05,10080]],
"supply": [[2.971e-05,47891], [2.972e-05,6901], [2.973e-05,81359], [2.974e-05,1480], [2.975e-05,22432]],"timestamp":1582047209.515547,"currency":"XRPBTC"},{"id":2135930124,
"demand": [[9900.29,0.5], [9900.28,0.139612], [9900.23,0.2], [9900.01,0.477], [9900,10.11224]],
"supply": [[9901.36,0.090378], [9901.39,0.090378], [9901.43,2], [9901.46,0.3786], [9901.51,0.256365]],"timestamp":1582047208.591505,"currency":"BTCUSDT"}]}
],"arbitrages_count": 1,"without_fees_count": 19179,"all_count": 251153}