{"arbitrage_stats":[{"score": 1.000351505,"supply_gain_index": [0, 0, 0],"demand_gain_index": [0, 0, 0],"supply_gain": 19.35173336,"demand_gain": 0,"time_delta": 0.1464882001,"pairs": [{"id":335665589,
"demand": [[1.88e-06,3238933], [1.87e-06,3903479], [1.86e-06,4180310], [1.85e-06,3281769], [1.84e-06,6237027]],
"supply": [[1.89e-06,1620501], [1.9e-06,2539569], [1.91e-06,2426419], [1.92e-06,2606043], [1.93e-06,3531410]],"timestamp":1583744971.612024,"currency":"TRXBTC"},{"id":237391656,
"demand": [[7.29e-05,61698], [7.27e-05,10376], [7.268e-05,46091], [7.265e-05,45343], [7.249e-05,6965]],
"supply": [[7.298e-05,148669], [7.301e-05,9620], [7.309e-05,6858], [7.318e-05,471], [7.322e-05,1716]],"timestamp":1583744972.461135,"currency":"TRXETH"},{"id":1069033708,
"demand": [[0.026013,4], [0.026012,53.461], [0.026011,6.414], [0.02601,3.073], [0.026009,4]],
"supply": [[0.026027,3.106], [0.026028,0.991], [0.026032,4], [0.026034,4.009], [0.026035,4]],"timestamp":1583744972.141541,"currency":"ETHBTC"}]}
],"arbitrages_count": 1,"without_fees_count": 166,"all_count": 255484}