{"arbitrage_stats":[{"score": 1.001006552,"supply_gain_index": [0, 0, 0],"demand_gain_index": [0, 0, 2],"supply_gain": 0,"demand_gain": 58.2743179,"time_delta": 0.606159,"pairs": [{"id":326521319,
"demand": [[2.03e-06,57895], [2.02e-06,455041], [2.01e-06,4787833], [2e-06,6710858], [1.99e-06,5302587]],
"supply": [[2.04e-06,6973839], [2.05e-06,2538411], [2.06e-06,2623871], [2.07e-06,2816859], [2.08e-06,3326097]],"timestamp":1582203977.699589,"currency":"TRXBTC"},{"id":230565544,
"demand": [[7.728e-05,20437], [7.727e-05,174], [7.726e-05,5229], [7.725e-05,9016], [7.724e-05,518]],
"supply": [[7.744e-05,58850], [7.745e-05,54070], [7.746e-05,12201], [7.749e-05,60000], [7.754e-05,1385]],"timestamp":1582203977.361888,"currency":"TRXETH"},{"id":1032877331,
"demand": [[0.026094,0.749], [0.026093,0.553], [0.026092,1.528], [0.026085,7.869], [0.026084,24.01]],
"supply": [[0.026104,0.268], [0.026105,2.901], [0.026109,22.248], [0.026111,3.93], [0.026113,1.005]],"timestamp":1582203977.770937,"currency":"ETHBTC"}]}
],"arbitrages_count": 2,"without_fees_count": 159,"all_count": 197964}