{"arbitrage_stats":[{"score": 1.00004621,"supply_gain_index": [0, 0, 0],"demand_gain_index": [0, 0, 0],"supply_gain": 0.06437021461,"demand_gain": 0,"time_delta": 0.1974020001,"pairs": [{"id":356810476,
"demand": [[1.83e-06,3833600], [1.82e-06,5655768], [1.81e-06,9766871], [1.8e-06,7468057], [1.79e-06,2608468]],
"supply": [[1.84e-06,3317751], [1.85e-06,9807628], [1.86e-06,6734421], [1.87e-06,6232072], [1.88e-06,4208858]],"timestamp":1587214405.129428,"currency":"TRXBTC"},{"id":252747010,
"demand": [[7.394e-05,1393], [7.37e-05,2296], [7.368e-05,288], [7.367e-05,1630], [7.365e-05,2904]],
"supply": [[7.406e-05,178627], [7.407e-05,78494], [7.409e-05,288], [7.417e-05,2858], [7.418e-05,33688]],"timestamp":1587214404.327354,"currency":"TRXETH"},{"id":1155985012,
"demand": [[0.024961,10], [0.024958,7.674], [0.024957,189], [0.024955,226.886], [0.024954,65.926]],
"supply": [[0.024973,0.824], [0.024974,0.725], [0.024975,2.209], [0.024976,0.006], [0.024977,0.006]],"timestamp":1587214405.030489,"currency":"ETHBTC"}]}
],"arbitrages_count": 2,"without_fees_count": 103,"all_count": 243184}