{"arbitrage_stats":[{"score": 1.00012581,"supply_gain_index": [0, 0, 0],"demand_gain_index": [0, 0, 0],"supply_gain": 0,"demand_gain": 0.0003662343503,"time_delta": 0.0604950001,"pairs": [{"id":282209828,
"demand": [[0.008145,40.934], [0.008144,7], [0.008143,2.201], [0.008142,18.758], [0.008141,59.5]],
"supply": [[0.008153,1.5], [0.008154,3.949], [0.008155,480.564], [0.008156,7.639], [0.008157,19.385]],"timestamp":1587798771.292016,"currency":"XMRBTC"},{"id":179302993,
"demand": [[0.31458,2.204], [0.31457,16.631], [0.31456,12.271], [0.31454,12.271], [0.31452,0.262]],
"supply": [[0.31459,2.911], [0.3166,1.304], [0.31661,12.271], [0.31663,25.509], [0.31664,2.813]],"timestamp":1587798770.926763,"currency":"XMRETH"},{"id":1170112760,
"demand": [[0.025809,3.713], [0.025808,51.927], [0.025807,23.916], [0.025806,6.589], [0.025805,7.748]],
"supply": [[0.02581,86.266], [0.025813,24], [0.02582,100], [0.025822,0.921], [0.025823,18.882]],"timestamp":1587798771.865652,"currency":"ETHBTC"}]}
],"arbitrages_count": 3,"without_fees_count": 2369,"all_count": 191123}