{"arbitrage_stats":[{"score": 1.000162065,"supply_gain_index": [0, 0, 0],"demand_gain_index": [0, 0, 0],"supply_gain": 0,"demand_gain": 0.0002430982261,"time_delta": 0.4790769001,"pairs": [{"id":274472675,
"demand": [[0.007721,1.5], [0.00772,18.757], [0.007719,1.5], [0.007717,3.918], [0.007716,62]],
"supply": [[0.007726,1.08], [0.007727,1.5], [0.00773,0.065], [0.007731,8.535], [0.007732,18.757]],"timestamp":1585918674.915755,"currency":"XMRBTC"},{"id":173822937,
"demand": [[0.36839,0.006], [0.36834,0.028], [0.36828,0.135], [0.36824,0.028], [0.36821,0.028]],
"supply": [[0.3684,921.242], [0.37006,0.683], [0.37014,9.947], [0.37032,3.213], [0.37069,0.3]],"timestamp":1585918675.439713,"currency":"XMRETH"},{"id":1126385455,
"demand": [[0.020888,110], [0.020887,0.092], [0.020886,14.428], [0.020885,16.097], [0.020884,10]],
"supply": [[0.020892,0.978], [0.020893,14.873], [0.020894,3.98], [0.020895,1.813], [0.020899,0.03]],"timestamp":1585918675.278342,"currency":"ETHBTC"}]}
],"arbitrages_count": 1,"without_fees_count": 13270,"all_count": 237332}