{"arbitrage_stats":[{"score": 1.000913739,"supply_gain_index": [0, 0, 1],"demand_gain_index": [0, 0, 0],"supply_gain": 0.0009137385518,"demand_gain": 0,"time_delta": 0.3132474,"pairs": [{"id":269650353,
"demand": [[0.006865,0.353], [0.006864,0.136], [0.006849,4.399], [0.006839,60], [0.006838,7.458]],
"supply": [[0.006877,67], [0.006878,60], [0.006879,2.439], [0.006884,1.062], [0.006886,92.9]],"timestamp":1584881603.931718,"currency":"XMRBTC"},{"id":170474695,
"demand": [[0.325,1], [0.32358,1.026], [0.32356,0.034], [0.32251,12.292], [0.3225,1]],
"supply": [[0.33129,9.915], [0.3313,14.629], [0.33131,91.762], [0.33132,0.115], [0.33589,1.488]],"timestamp":1584881603.233287,"currency":"XMRETH"},{"id":1103964313,
"demand": [[0.021246,0.047], [0.021243,0.338], [0.021242,5.663], [0.021241,9.41], [0.02124,5.824]],
"supply": [[0.021251,0.485], [0.021252,84], [0.021254,2.247], [0.021255,0.873], [0.021256,84]],"timestamp":1584881603.856024,"currency":"ETHBTC"}]}
],"arbitrages_count": 1,"without_fees_count": 7494,"all_count": 238072}