{"arbitrage_stats":[{"score": 1.000003018,"supply_gain_index": [0, 0, 0],"demand_gain_index": [0, 0, 0],"supply_gain": 8.147478519e-08,"demand_gain": 0,"time_delta": 0.5345339,"pairs": [{"id":267060919,
"demand": [[0.006862,1.5], [0.006861,2.695], [0.00686,13.191], [0.006859,2.584], [0.006858,36.157]],
"supply": [[0.006872,1.5], [0.006873,1.967], [0.006876,1.776], [0.006877,14.045], [0.006878,24.356]],"timestamp":1584438978.703295,"currency":"XMRBTC"},{"id":168991249,
"demand": [[0.3119,0.027], [0.31017,3.551], [0.31015,0.878], [0.31012,4.738], [0.31011,0.042]],
"supply": [[0.31191,3.467], [0.31193,9.482], [0.31198,4.744], [0.312,84.786], [0.31219,0.161]],"timestamp":1584438979.094206,"currency":"XMRETH"},{"id":1091265938,
"demand": [[0.022099,0.382], [0.022097,1.394], [0.022095,49.532], [0.022093,4.963], [0.022091,26.964]],
"supply": [[0.0221,14], [0.022103,9.054], [0.022104,0.084], [0.022105,1.639], [0.022108,1.513]],"timestamp":1584438978.622842,"currency":"ETHBTC"}]}
],"arbitrages_count": 1,"without_fees_count": 10286,"all_count": 243275}