{"arbitrage_stats":[{"score": 1.000103685,"supply_gain_index": [0, 0, 0],"demand_gain_index": [0, 0, 0],"supply_gain": 0,"demand_gain": 3.110550941e-06,"time_delta": 0.01354449999,"pairs": [{"id":278363917,
"demand": [[0.00779,3.337], [0.007789,407.906], [0.007779,73.7], [0.007775,2.073], [0.007774,86.8]],
"supply": [[0.007793,101.595], [0.007794,2.575], [0.007795,262.421], [0.007796,8.055], [0.007797,57.414]],"timestamp":1586807173.472241,"currency":"XMRBTC"},{"id":176780583,
"demand": [[0.33991,1.106], [0.3399,119.944], [0.33956,3.3], [0.33945,12.877], [0.33944,9.947]],
"supply": [[0.34013,0.03], [0.34014,0.03], [0.34076,0.869], [0.34078,2.94], [0.34081,0.031]],"timestamp":1586807172.485066,"currency":"XMRETH"},{"id":1146778746,
"demand": [[0.022828,24], [0.022827,0.1], [0.022826,2.663], [0.022825,1.238], [0.022823,10.486]],
"supply": [[0.022832,1.329], [0.022833,1.498], [0.022835,3.103], [0.022837,29.211], [0.022838,2.202]],"timestamp":1586807172.541818,"currency":"ETHBTC"}]}
],"arbitrages_count": 1,"without_fees_count": 13002,"all_count": 231900}