{"arbitrage_stats":[{"score": 1.000736712,"supply_gain_index": [0, 0, 0],"demand_gain_index": [0, 0, 0],"supply_gain": 0,"demand_gain": 4.935971162e-05,"time_delta": 0.4778445,"pairs": [{"id":269280534,
"demand": [[0.006895,1.393], [0.006875,8.018], [0.006871,0.192], [0.006868,50.417], [0.006866,31.099]],
"supply": [[0.006899,1.597], [0.0069,457.911], [0.006901,15.393], [0.006902,1], [0.006903,1.639]],"timestamp":1584812369.678899,"currency":"XMRBTC"},{"id":170283781,
"demand": [[0.32096,61.377], [0.32095,3.618], [0.32094,12.831], [0.32093,0.893], [0.32092,1.385]],
"supply": [[0.32326,0.067], [0.32341,0.095], [0.32344,0.221], [0.3235,0.913], [0.3236,1.838]],"timestamp":1584812369.155700,"currency":"XMRETH"},{"id":1102319382,
"demand": [[0.021244,1.904], [0.021243,56.008], [0.021241,0.009], [0.02124,35.903], [0.021239,1.657]],
"supply": [[0.02125,0.094], [0.021251,1.059], [0.021252,0.392], [0.021253,1.22], [0.021254,0.711]],"timestamp":1584812369.443219,"currency":"ETHBTC"}]}
],"arbitrages_count": 1,"without_fees_count": 8435,"all_count": 242335}