{"arbitrage_stats":[{"score": 1.000068838,"supply_gain_index": [0, 0, 0],"demand_gain_index": [0, 0, 0],"supply_gain": 0,"demand_gain": 2.547012399e-06,"time_delta": 0.2354701001,"pairs": [{"id":263254273,
"demand": [[0.006965,1.5], [0.006958,9.003], [0.006955,64.3], [0.006952,73.6], [0.006949,58.4]],
"supply": [[0.00697,7], [0.006972,70.182], [0.006973,1.5], [0.006974,36.539], [0.006975,15.468]],"timestamp":1583843679.859277,"currency":"XMRBTC"},{"id":166580844,
"demand": [[0.27563,8.312], [0.27561,4.528], [0.27558,1.411], [0.27557,30.704], [0.27519,3.2]],
"supply": [[0.27587,0.037], [0.27592,0.027], [0.27595,0.098], [0.27596,0.053], [0.2764,0.056]],"timestamp":1583843679.094294,"currency":"XMRETH"},{"id":1071750221,
"demand": [[0.025168,4.835], [0.025167,0.92], [0.025165,5.496], [0.025163,51.324], [0.025162,0.917]],
"supply": [[0.02517,6.299], [0.025174,27.33], [0.025176,30], [0.025178,8.744], [0.025179,12.479]],"timestamp":1583843679.617941,"currency":"ETHBTC"}]}
],"arbitrages_count": 1,"without_fees_count": 9433,"all_count": 236454}