{"arbitrage_stats":[{"score": 1.000005497,"supply_gain_index": [0, 0, 0],"demand_gain_index": [0, 0, 0],"supply_gain": 0,"demand_gain": 2.143885096e-07,"time_delta": 0.4224431,"pairs": [{"id":158771298,
"demand": [[57.45,18.57136], [57.43,25.27526], [57.42,14.7908], [57.41,36.26203], [57.4,1.04159]],
"supply": [[57.49,15.19478], [57.5,8.37961], [57.51,10], [57.52,3.59448], [57.53,138.98]],"timestamp":1586382123.309723,"currency":"XMRUSDT"},{"id":276708571,
"demand": [[0.007838,7.487], [0.007837,92], [0.007836,1.691], [0.007835,2.055], [0.007833,7]],
"supply": [[0.007843,0.039], [0.007847,2.047], [0.007849,33.483], [0.007852,10.153], [0.007853,24.208]],"timestamp":1586382123.692762,"currency":"XMRBTC"},{"id":3198551317,
"demand": [[7301.76,0.107458], [7300.97,0.234683], [7300.03,0.010795], [7300.02,5.664423], [7300,5.784668]],
"supply": [[7303.01,0.776125], [7317.71,0.21], [7325.85,0.154357], [7325.86,0.154269], [7325.96,0.140348]],"timestamp":1586382123.108670,"currency":"BTCUSDT"}]}
],"arbitrages_count": 3,"without_fees_count": 14697,"all_count": 247607}