{"arbitrage_stats":[{"score": 1.000173706,"supply_gain_index": [0, 1, 0],"demand_gain_index": [0, 0, 0],"supply_gain": 0.002110499857,"demand_gain": 0,"time_delta": 0.3150978,"pairs": [{"id":112264902,
"demand": [[75.44,49.28281], [75.43,6.77], [75.38,60], [75.37,8.1], [75.35,2.42866]],
"supply": [[75.5,69.14551], [75.55,5.14261], [75.75,7], [75.76,62.17], [75.81,8.16]],"timestamp":1582216684.754217,"currency":"XMRUSDT"},{"id":254675417,
"demand": [[0.008006,1.315], [0.008005,116.721], [0.008003,6.081], [0.008001,0.915], [0.008,6.209]],
"supply": [[0.008014,2.634], [0.008024,90.4], [0.008026,12.484], [0.008029,79.2], [0.008031,2.365]],"timestamp":1582216683.848059,"currency":"XMRBTC"},{"id":2162461850,
"demand": [[9461.6,0.096951], [9457.18,0.162434], [9456.94,0.39675], [9456.06,0.027123], [9455.08,0.212744]],
"supply": [[9463.02,0.064268], [9463.06,0.121477], [9464.43,0.25], [9464.45,0.142293], [9464.58,0.315749]],"timestamp":1582216684.506168,"currency":"BTCUSDT"}]}
],"arbitrages_count": 1,"without_fees_count": 8946,"all_count": 255171}