{"arbitrage_stats":[{"score": 1.000073021,"supply_gain_index": [0, 0, 0],"demand_gain_index": [0, 0, 0],"supply_gain": 0.0002709143365,"demand_gain": 0,"time_delta": 0.02759770001,"pairs": [{"id":114451774,
"demand": [[79.99,60], [79.85,10], [79.8,5.01253], [79.77,0.29794], [79.7,4.74701]],
"supply": [[80.31,3.7101], [80.51,92], [80.52,27.423], [80.59,29.96628], [80.6,79.92902]],"timestamp":1582378536.341171,"currency":"XMRUSDT"},{"id":255803269,
"demand": [[0.008341,14.124], [0.00834,0.5], [0.008339,21.761], [0.008337,11.391], [0.008336,22.489]],
"supply": [[0.008349,35.954], [0.008352,25.437], [0.008353,68.308], [0.008354,2.837], [0.008355,0.002]],"timestamp":1582378535.366486,"currency":"XMRBTC"},{"id":2193951879,
"demand": [[9657.99,0.093518], [9657.84,0.24075], [9657.83,0.129455], [9657.34,0.268334], [9657.32,0.130167]],
"supply": [[9658,0.26927], [9658.07,0.103844], [9658.27,0.034559], [9659,0.002], [9659.39,0.15]],"timestamp":1582378535.624926,"currency":"BTCUSDT"}]}
],"arbitrages_count": 1,"without_fees_count": 10428,"all_count": 254333}