{"arbitrage_stats":[{"score": 1.000068004,"supply_gain_index": [0, 0, 0],"demand_gain_index": [0, 0, 0],"supply_gain": 0.0001020067183,"demand_gain": 0,"time_delta": 0.5017892,"pairs": [{"id":150929185,
"demand": [[47.02,7.43343], [47.01,49.91457], [47,61.44876], [46.98,184.10318], [46.97,35.21735]],
"supply": [[47.05,16.41629], [47.06,79.379], [47.07,28.05987], [47.08,38.5784], [47.09,64.10831]],"timestamp":1585664740.209815,"currency":"XMRUSDT"},{"id":273386108,
"demand": [[0.007282,1.5], [0.007281,4.255], [0.00728,18.776], [0.007279,0.361], [0.007278,10]],
"supply": [[0.007286,3.186], [0.007287,34.84], [0.007288,0.028], [0.007289,1.155], [0.007291,27.206]],"timestamp":1585664740.744377,"currency":"XMRBTC"},{"id":3023298074,
"demand": [[6481,0.471092], [6480.1,1], [6480,39.623609], [6472,1.414859], [6469,0.038536]],
"supply": [[6482,0.03], [6484.94,1.000029], [6484.95,9.877434], [6484.97,20], [6484.98,0.002729]],"timestamp":1585664740.509103,"currency":"BTCUSDT"}]}
],"arbitrages_count": 2,"without_fees_count": 10373,"all_count": 235958}