{"arbitrage_stats":[{"score": 1.000384079,"supply_gain_index": [0, 0, 0],"demand_gain_index": [0, 0, 0],"supply_gain": 0,"demand_gain": 0.0005761177833,"time_delta": 0.5684541001,"pairs": [{"id":138766083,
"demand": [[36.6,5.22075], [36.59,58.92049], [36.58,24.8423], [36.56,184.10565], [36.55,10.56843]],
"supply": [[36.65,27.51864], [36.66,6.42968], [36.67,124.24], [36.68,26.77683], [36.69,28.79246]],"timestamp":1584489307.633036,"currency":"XMRUSDT"},{"id":267350297,
"demand": [[0.006807,1.8], [0.006805,1.397], [0.006804,6.216], [0.006797,23.298], [0.006796,79.4]],
"supply": [[0.006818,1.5], [0.006821,2.398], [0.006822,5.401], [0.006823,1], [0.006824,1]],"timestamp":1584489307.199487,"currency":"XMRBTC"},{"id":2720240744,
"demand": [[5349.6,5.180256], [5349.34,2.141372], [5349.19,0.00187], [5349.13,0.043686], [5349,0.233467]],
"supply": [[5350,1.316742], [5351,0.200528], [5352.8,0.085209], [5354,0.219893], [5355,0.748193]],"timestamp":1584489307.454786,"currency":"BTCUSDT"}]}
],"arbitrages_count": 2,"without_fees_count": 12455,"all_count": 250908}