{"arbitrage_stats":[{"score": 1.000067547,"supply_gain_index": [0, 0, 0],"demand_gain_index": [0, 0, 0],"supply_gain": 0,"demand_gain": 1.870560697e-05,"time_delta": 0.1314191,"pairs": [{"id":159216718,
"demand": [[57.17,5.30823], [57.16,8.03726], [57.15,16.94466], [57.14,64.89862], [57.13,0.70211]],
"supply": [[57.2,155.38], [57.24,8.08], [57.25,1.82823], [57.26,1.32], [57.27,159.55177]],"timestamp":1586433409.319637,"currency":"XMRUSDT"},{"id":276866340,
"demand": [[0.007896,53], [0.007895,3.382], [0.007894,53], [0.007893,3.641], [0.007892,113.025]],
"supply": [[0.007901,0.869], [0.007903,1.336], [0.007904,3.205], [0.007905,1.593], [0.007906,1.487]],"timestamp":1586433409.684414,"currency":"XMRBTC"},{"id":3209877157,
"demand": [[7212,0.008752], [7210.04,11.803904], [7210.02,9.54953], [7210.01,0.173334], [7210,17.128618]],
"supply": [[7213.62,0.002188], [7214,0.661343], [7215,0.473373], [7215.81,0.001788], [7216,0.160298]],"timestamp":1586433410.215690,"currency":"BTCUSDT"}]}
],"arbitrages_count": 1,"without_fees_count": 16220,"all_count": 243520}