{"arbitrage_stats":[{"score": 1.000104932,"supply_gain_index": [0, 0, 0],"demand_gain_index": [0, 0, 0],"supply_gain": 0,"demand_gain": 0.0001573981122,"time_delta": 0.01733210008,"pairs": [{"id":186270882,
"demand": [[64.07,9.91339], [64.05,1.05465], [64.04,1.66924], [64.03,1.02058], [64.01,0.17115]],
"supply": [[64.11,0.73986], [64.12,174.02713], [64.13,6.38099], [64.14,0.696], [64.16,10]],"timestamp":1588442928.595644,"currency":"XMRUSDT"},{"id":284843437,
"demand": [[0.007237,2.247], [0.007236,3.539], [0.007234,10], [0.007233,150.24], [0.007231,0.392]],
"supply": [[0.00724,1.5], [0.007243,2.042], [0.007245,91.637], [0.007247,73.39], [0.007251,56.073]],"timestamp":1588442929.598683,"currency":"XMRBTC"},{"id":3636943234,
"demand": [[8819.68,0.328198], [8819.44,0.071839], [8819.08,1.000082], [8818,21.972186], [8817.97,0.001248]],
"supply": [[8822,9.801851], [8822.67,0.595957], [8822.78,0.168872], [8823,0.12629], [8824,1.402226]],"timestamp":1588442929.577993,"currency":"BTCUSDT"}]}
],"arbitrages_count": 2,"without_fees_count": 26374,"all_count": 247379}