{"arbitrage_stats":[{"score": 1.000484919,"supply_gain_index": [0, 0, 0],"demand_gain_index": [0, 0, 0],"supply_gain": 0,"demand_gain": 0.009410333175,"time_delta": 0.1214438999,"pairs": [{"id":153547663,
"demand": [[52.56,35.22711], [52.53,4.46702], [52.52,9.68226], [52.5,19.00779], [52.49,1.52411]],
"supply": [[52.6,111.24452], [52.61,9.52341], [52.62,19.00779], [52.63,37.97], [52.66,10.98147]],"timestamp":1585930092.738925,"currency":"XMRUSDT"},{"id":274544577,
"demand": [[0.007896,1.5], [0.007893,46.345], [0.007892,20.553], [0.007891,0.44], [0.00789,1]],
"supply": [[0.0079,19.406], [0.007901,12.541], [0.007903,1.5], [0.007904,30.501], [0.007908,59.7]],"timestamp":1585930093.297048,"currency":"XMRBTC"},{"id":3087974645,
"demand": [[6630,45.020911], [6629.89,0.01746], [6629.83,0.003616], [6629.81,0.425493], [6629.79,0.00309]],
"supply": [[6630.01,0.60046], [6630.32,0.459171], [6632,0.037349], [6634.95,0.059078], [6635,0.308492]],"timestamp":1585930093.934968,"currency":"BTCUSDT"}]}
],"arbitrages_count": 1,"without_fees_count": 20852,"all_count": 247772}