{"arbitrage_stats":[{"score": 1.00046238,"supply_gain_index": [0, 0, 0],"demand_gain_index": [0, 0, 0],"supply_gain": 0.0009958010055,"demand_gain": 0,"time_delta": 0.001105299918,"pairs": [{"id":149566987,
"demand": [[44.49,12.22474], [44.48,96.17158], [44.47,10], [44.46,6.6], [44.44,2.4]],
"supply": [[44.53,2.15364], [44.54,11.51], [44.71,60], [44.73,11.4254], [44.74,51.19]],"timestamp":1585510329.300796,"currency":"XMRUSDT"},{"id":272766206,
"demand": [[0.007524,3.78], [0.007523,2.863], [0.007522,1.318], [0.007521,3.358], [0.00752,3.489]],
"supply": [[0.007537,1.043], [0.007538,1.237], [0.007539,17.7], [0.00754,86.498], [0.007544,0.505]],"timestamp":1585510328.286704,"currency":"XMRBTC"},{"id":2989506071,
"demand": [[5938.93,0.4447], [5936.84,0.386368], [5935.1,0.325396], [5935.07,4.103371], [5935,0.003368]],
"supply": [[5939.26,0.146363], [5939.33,0.075221], [5939.78,0.288], [5940,0.267303], [5940.57,0.0505]],"timestamp":1585510328.710192,"currency":"BTCUSDT"}]}
],"arbitrages_count": 1,"without_fees_count": 11251,"all_count": 233476}