{"arbitrage_stats":[{"score": 1.000041022,"supply_gain_index": [0, 0, 0],"demand_gain_index": [0, 0, 0],"supply_gain": 3.48687891e-08,"demand_gain": 0,"time_delta": 0.0407447,"pairs": [{"id":151254325,
"demand": [[47.02,44.76455], [47.01,37.51428], [46.98,14.08842], [46.97,100.17216], [46.96,10]],
"supply": [[47.03,0.00085], [47.06,2.98487], [47.07,15.19478], [47.09,20.60393], [47.1,42.34]],"timestamp":1585702397.634911,"currency":"XMRUSDT"},{"id":273529159,
"demand": [[0.007469,275.605], [0.007448,0.097], [0.007447,3.079], [0.007446,2.427], [0.007445,20.338]],
"supply": [[0.00747,0.1], [0.007472,0.077], [0.007475,1.001], [0.007476,1.001], [0.007477,62.301]],"timestamp":1585702398.425807,"currency":"XMRBTC"},{"id":3030014802,
"demand": [[6315.88,0.573532], [6315.65,0.190489], [6315.23,0.237433], [6314.81,1.00008], [6314.8,1.109222]],
"supply": [[6316.35,0.825575], [6316.53,0.527673], [6317.26,0.33208], [6317.35,0.331999], [6317.67,0.505839]],"timestamp":1585702397.460006,"currency":"BTCUSDT"}]}
],"arbitrages_count": 1,"without_fees_count": 13896,"all_count": 242111}