{"arbitrage_stats":[{"score": 1.002334928,"supply_gain_index": [0, 0, 0],"demand_gain_index": [0, 1, 0],"supply_gain": 0,"demand_gain": 0.1541052199,"time_delta": 0.0507123,"pairs": [{"id":170570272,
"demand": [[56.9,356.8829], [56.89,2.88017], [56.88,1.50875], [56.87,20.89572], [56.86,108.30397]],
"supply": [[56.93,0.49976], [56.96,13.57215], [56.97,12.69589], [56.98,35.08], [56.99,10]],"timestamp":1587378749.832747,"currency":"XMRUSDT"},{"id":280643541,
"demand": [[0.008056,5.046], [0.008055,0.166], [0.008054,15.774], [0.008053,13.799], [0.008052,1.435]],
"supply": [[0.008059,0.047], [0.00806,66], [0.008061,1.5], [0.008062,49.393], [0.008066,66.451]],"timestamp":1587378750.096097,"currency":"XMRBTC"},{"id":3403853726,
"demand": [[7017,0.803068], [7016,0.489591], [7015,13.238036], [7014.89,0.019591], [7014.79,0.043368]],
"supply": [[7022,0.875807], [7023,0.007067], [7024,2.690157], [7024.9,0.061499], [7025,3.265439]],"timestamp":1587378749.266328,"currency":"BTCUSDT"}]}
],"arbitrages_count": 3,"without_fees_count": 20691,"all_count": 248446}