{"arbitrage_stats":[{"score": 1.000078838,"supply_gain_index": [0, 0, 0],"demand_gain_index": [0, 0, 0],"supply_gain": 0,"demand_gain": 0.001801448659,"time_delta": 0.02465239994,"pairs": [{"id":139034788,
"demand": [[34.7,40.89167], [34.69,2.79151], [34.68,139.79605], [34.67,17.27816], [34.66,23.94546]],
"supply": [[34.72,1.40905], [34.73,67.38], [34.74,4.43794], [34.75,7.85141], [34.76,58.21343]],"timestamp":1584518345.489776,"currency":"XMRUSDT"},{"id":267505094,
"demand": [[0.006722,11.311], [0.006721,1.5], [0.006719,4.967], [0.006717,22.331], [0.006715,4.005]],
"supply": [[0.00673,22.85], [0.006736,1.5], [0.00674,1], [0.006741,63.9], [0.006745,4.154]],"timestamp":1584518346.467821,"currency":"XMRBTC"},{"id":2727623156,
"demand": [[5139.43,0.129758], [5139.42,0.060989], [5139.41,0.00389], [5138.37,0.143698], [5138.35,0.016698]],
"supply": [[5140.16,0.157425], [5140.2,0.352798], [5140.36,0.642825], [5140.98,0.061032], [5140.99,0.061182]],"timestamp":1584518345.577914,"currency":"BTCUSDT"}]}
],"arbitrages_count": 1,"without_fees_count": 10307,"all_count": 249836}