{"arbitrage_stats":[{"score": 1.000134394,"supply_gain_index": [0, 0, 0],"demand_gain_index": [0, 1, 0],"supply_gain": 0,"demand_gain": 0.0008406658285,"time_delta": 0.5823065999,"pairs": [{"id":170176556,
"demand": [[57.17,6.25523], [57.16,3.44942], [57.14,43.79217], [57.13,0.21277], [57.12,2.81526]],
"supply": [[57.21,11.21323], [57.23,14.79207], [57.25,173.58], [57.26,108.09264], [57.27,205]],"timestamp":1587339516.017827,"currency":"XMRUSDT"},{"id":280517987,
"demand": [[0.008017,3.252], [0.008015,1.361], [0.008014,5.063], [0.008013,4.469], [0.008012,11.241]],
"supply": [[0.008019,1.885], [0.00802,55.245], [0.008022,63.5], [0.008024,94.474], [0.008025,1.22]],"timestamp":1587339515.803116,"currency":"XMRBTC"},{"id":3396476375,
"demand": [[7104.28,0.87265], [7104.2,0.019609], [7104.08,0.004749], [7104,0.773574], [7103.85,0.001549]],
"supply": [[7106.11,3.087253], [7107,0.003216], [7107.44,0.006959], [7109.5,0.361904], [7110,6.075347]],"timestamp":1587339516.042476,"currency":"BTCUSDT"}]}
],"arbitrages_count": 1,"without_fees_count": 14426,"all_count": 247094}