{"arbitrage_stats":[{"score": 1.00054761,"supply_gain_index": [0, 2, 1],"demand_gain_index": [0, 0, 0],"supply_gain": 0.01417603836,"demand_gain": 0,"time_delta": 0.7278637,"pairs": [{"id":143715233,
"demand": [[39.09,15.19478], [39.08,57.0039], [39.06,74.16], [39.05,9.31588], [39.04,16.13979]],
"supply": [[39.12,25.88712], [39.13,6.55412], [39.15,66.10478], [39.16,13.31246], [39.17,13.46863]],"timestamp":1584912647.859912,"currency":"XMRUSDT"},{"id":269846401,
"demand": [[0.006544,6.875], [0.006543,4.435], [0.006541,83.2], [0.00654,6.771], [0.006539,24.14]],
"supply": [[0.006554,1.643], [0.006555,27.275], [0.006556,10], [0.006558,13.448], [0.006559,0.97]],"timestamp":1584912647.697903,"currency":"XMRBTC"},{"id":2848839942,
"demand": [[6004,0.009], [6002,0.22], [5974.93,0.126], [5974.9,0.373815], [5974.87,0.025733]],
"supply": [[6008.32,7.034093], [6008.33,0.002496], [6008.47,0.04], [6008.9,0.002065], [6009,0.394073]],"timestamp":1584912647.619630,"currency":"BTCUSDT"}]}
],"arbitrages_count": 2,"without_fees_count": 9135,"all_count": 250757}