{"arbitrage_stats":[{"score": 1.002436342,"supply_gain_index": [0, 0, 0],"demand_gain_index": [0, 0, 0],"supply_gain": 0.01913259293,"demand_gain": 0,"time_delta": 0.4057169,"pairs": [{"id":127334847,
"demand": [[63.16,1.45148], [63.15,1.42382], [63.14,28.53945], [63.11,7.52194], [63.1,1.96]],
"supply": [[63.19,10.85], [63.2,205.92824], [63.25,4.56301], [63.26,16.75807], [63.27,15]],"timestamp":1583671803.963928,"currency":"XMRUSDT"},{"id":262394517,
"demand": [[0.007307,7.853], [0.007306,2.902], [0.007305,5.287], [0.007304,2.043], [0.007303,2.426]],
"supply": [[0.007312,4.063], [0.007313,55], [0.007314,1.484], [0.007315,16], [0.007317,10]],"timestamp":1583671803.471387,"currency":"XMRBTC"},{"id":2467508937,
"demand": [[8695,62.427154], [8694.74,0.008305], [8694.38,0.536829], [8694,0.011083], [8693.87,0.00397]],
"supply": [[8695.01,5.220928], [8695.58,0.152656], [8695.76,0.935168], [8696,3.53861], [8696.06,0.160174]],"timestamp":1583671804.068643,"currency":"BTCUSDT"}]}
],"arbitrages_count": 2,"without_fees_count": 13366,"all_count": 234834}