{"arbitrage_stats":[{"score": 1.000048886,"supply_gain_index": [0, 0, 0],"demand_gain_index": [0, 0, 0],"supply_gain": 0,"demand_gain": 0.103492706,"time_delta": 0.006749300053,"pairs": [{"id":417347026,
"demand": [[0.01469,143230.8], [0.01468,474477.9], [0.01467,2451000], [0.01466,2018295.5], [0.01465,315340]],
"supply": [[0.01471,1259145.4], [0.01472,1176798.7], [0.01473,1342114.3], [0.01474,1154002.2], [0.01475,981427.9]],"timestamp":1583937925.973448,"currency":"TRXUSDT"},{"id":238240259,
"demand": [[7.561e-05,3727], [7.557e-05,53000], [7.549e-05,52000], [7.546e-05,146433], [7.544e-05,132996]],
"supply": [[7.569e-05,2117], [7.578e-05,4358], [7.58e-05,238], [7.581e-05,51145], [7.583e-05,93643]],"timestamp":1583937926.532734,"currency":"TRXETH"},{"id":1394774029,
"demand": [[193.3,0.83332], [193.22,126.02743], [193.21,10.913], [193.18,6.5], [193.17,1.48755]],
"supply": [[193.49,0.65], [193.5,51.44134], [193.53,4], [193.64,7.26484], [193.73,6]],"timestamp":1583937927.003378,"currency":"ETHUSDT"}]}
],"arbitrages_count": 1,"without_fees_count": 3839,"all_count": 251635}