{"arbitrage_stats":[{"score": 1.022206129,"supply_gain_index": [0, 0, 0],"demand_gain_index": [0, 1, 2],"supply_gain": 0,"demand_gain": 2355.670556,"time_delta": 0.5223024,"pairs": [{"id":479631126,
"demand": [[0.01627,468817.5], [0.01626,393585.6], [0.01625,1263070.3], [0.01624,2560750.4], [0.01623,1712044.2]],
"supply": [[0.01629,616499.1], [0.0163,1592436.8], [0.01631,1647764.1], [0.01632,2479091.9], [0.01633,1580028.1]],"timestamp":1588179320.543314,"currency":"TRXUSDT"},{"id":256187602,
"demand": [[7.539e-05,938], [7.526e-05,3859], [7.525e-05,53031], [7.523e-05,30712], [7.521e-05,137]],
"supply": [[7.545e-05,288], [7.553e-05,106082], [7.555e-05,1838], [7.557e-05,19097], [7.559e-05,288]],"timestamp":1588179320.116893,"currency":"TRXETH"},{"id":1819045980,
"demand": [[210,215.09333], [209.99,1.49857], [209.98,0.2], [209.96,0.28919], [209.95,0.13337]],
"supply": [[210.01,2.12523], [210.05,1.27851], [210.1,42.99292], [210.11,0.39633], [210.13,2.04492]],"timestamp":1588179320.075746,"currency":"ETHUSDT"}]}
],"arbitrages_count": 3,"without_fees_count": 7993,"all_count": 250088}