{"arbitrage_stats":[{"score": 1.001096002,"supply_gain_index": [0, 0, 0],"demand_gain_index": [0, 0, 0],"supply_gain": 0,"demand_gain": 0.3156484458,"time_delta": 0.7077811999,"pairs": [{"id":493030983,
"demand": [[0.01603,14424.6], [0.01602,360353.1], [0.01601,851872.4], [0.016,1587633.3], [0.01599,987097.2]],
"supply": [[0.01604,1208491.7], [0.01605,1554862.6], [0.01606,1789502.8], [0.01607,493110.7], [0.01608,640628.3]],"timestamp":1588915294.366363,"currency":"TRXUSDT"},{"id":258812835,
"demand": [[7.596e-05,163968], [7.595e-05,3732], [7.592e-05,170000], [7.59e-05,32411], [7.589e-05,10753]],
"supply": [[7.613e-05,288], [7.625e-05,1548], [7.627e-05,288], [7.63e-05,1322], [7.633e-05,633]],"timestamp":1588915294.076591,"currency":"TRXETH"},{"id":1901541176,
"demand": [[209.55,13.21841], [209.54,30.35201], [209.53,0.1202], [209.52,0.67311], [209.51,2.6117]],
"supply": [[209.7,54.35949], [209.73,2.98507], [209.79,111.64553], [209.8,9.74507], [209.81,6.65806]],"timestamp":1588915294.280735,"currency":"ETHUSDT"}]}
],"arbitrages_count": 2,"without_fees_count": 5601,"all_count": 252624}