{"arbitrage_stats":[{"score": 1.000002999,"supply_gain_index": [0, 0, 0],"demand_gain_index": [0, 0, 0],"supply_gain": 0,"demand_gain": 2.156776112e-06,"time_delta": 0.1818199999,"pairs": [{"id":1848952236,
"demand": [[212.02,0.71927], [212.01,0.68], [212,318.30076], [211.99,0.28302], [211.98,6.63144]],
"supply": [[212.06,0.21641], [212.07,57.01677], [212.08,1.82916], [212.09,76.46137], [212.11,14.85]],"timestamp":1588442928.760620,"currency":"ETHUSDT"},{"id":1186259514,
"demand": [[0.023958,4.493], [0.02395,1.104], [0.023948,14.122], [0.023946,54.5], [0.023945,23.248]],
"supply": [[0.023961,0.854], [0.023964,0.03], [0.023965,3.647], [0.023966,1.099], [0.023967,0.082]],"timestamp":1588442928.957415,"currency":"ETHBTC"},{"id":3636943234,
"demand": [[8819.68,0.328198], [8819.44,0.071839], [8819.08,1.000082], [8818,21.972186], [8817.97,0.001248]],
"supply": [[8822,9.801851], [8822.67,0.595957], [8822.78,0.168872], [8823,0.12629], [8824,1.402226]],"timestamp":1588442929.577993,"currency":"BTCUSDT"}]}
],"arbitrages_count": 1,"without_fees_count": 92383,"all_count": 257625}