{"arbitrage_stats":[{"score": 1.000258519,"supply_gain_index": [0, 0, 0],"demand_gain_index": [1, 0, 1],"supply_gain": 0,"demand_gain": 0.002053612902,"time_delta": 0.008042600006,"pairs": [{"id":1363993393,
"demand": [[242.53,0.8039], [242.47,7.94375], [242.24,8.2498], [242.21,11.9001], [242.19,8.25763]],
"supply": [[242.7,69.84792], [242.71,1.5], [242.73,0.06669], [242.74,2.5], [242.76,8.22907]],"timestamp":1583600472.967703,"currency":"ETHUSDT"},{"id":1064988441,
"demand": [[0.027137,0.932], [0.027135,2.5], [0.027127,4.118], [0.027125,0.715], [0.027121,10.056]],
"supply": [[0.027146,196.035], [0.027151,0.016], [0.027152,3.549], [0.027153,0.901], [0.027157,4.152]],"timestamp":1583600473.485820,"currency":"ETHBTC"},{"id":2453649923,
"demand": [[8901,11.0939], [8900.98,0.005], [8900.58,0.015148], [8900.35,0.001914], [8900.3,0.017634]],
"supply": [[8902,0.001421], [8903,0.292959], [8905,1.48975], [8908,0.006683], [8909,0.090218]],"timestamp":1583600474.032159,"currency":"BTCUSDT"}]}
],"arbitrages_count": 1,"without_fees_count": 33445,"all_count": 258843}