{"arbitrage_stats":[{"score": 1.00015779,"supply_gain_index": [0, 0, 0],"demand_gain_index": [0, 0, 0],"supply_gain": 0,"demand_gain": 0.0002499097272,"time_delta": 0.0277665999,"pairs": [{"id":563724401,
"demand": [[0.007465,30.07], [0.007461,20.03], [0.00746,40.34], [0.007459,0.55], [0.007458,7.54]],
"supply": [[0.007469,10], [0.00747,4.28], [0.007471,45], [0.007472,28.05], [0.007475,25]],"timestamp":1582017857.876215,"currency":"LTCBTC"},{"id":101302496,
"demand": [[3.132,6.823], [3.131,3.235], [3.13,13.511], [3.129,4.768], [3.128,8.04]],
"supply": [[3.138,2.14], [3.139,0.032], [3.141,0.638], [3.145,10.613], [3.146,0.637]],"timestamp":1582017857.371260,"currency":"LTCBNB"},{"id":576918491,
"demand": [[0.0023701,0.83], [0.00237,23.07], [0.0023699,600.47], [0.0023698,0.56], [0.0023697,13.32]],
"supply": [[0.0023714,4.97], [0.0023719,34.67], [0.0023747,590], [0.0023787,42.87], [0.0023789,30]],"timestamp":1582017858.368311,"currency":"BNBBTC"}]}
],"arbitrages_count": 1,"without_fees_count": 20689,"all_count": 240795}