{"arbitrage_stats":[{"score": 1.000391422,"supply_gain_index": [0, 0, 0],"demand_gain_index": [0, 0, 0],"supply_gain": 0,"demand_gain": 3.522794012e-06,"time_delta": 0.06932449993,"pairs": [{"id":633044318,
"demand": [[0.005952,28.8], [0.005951,22.09], [0.00595,0.31], [0.005949,46.23], [0.005948,3.82]],
"supply": [[0.005954,19.05], [0.005955,26.1], [0.005956,87.29], [0.005957,89.78], [0.005958,133.04]],"timestamp":1587111190.991547,"currency":"LTCBTC"},{"id":115361394,
"demand": [[2.669,27.388], [2.668,0.114], [2.666,55], [2.665,0.342], [2.664,0.438]],
"supply": [[2.672,0.009], [2.674,0.299], [2.677,19.989], [2.679,1.256], [2.68,30]],"timestamp":1587111190.692973,"currency":"LTCBNB"},{"id":643405325,
"demand": [[0.0022181,16.14], [0.002218,10.39], [0.0022179,9.47], [0.0022178,58.07], [0.0022177,0.16]],
"supply": [[0.00222,232.16], [0.0022204,0.08], [0.0022205,400.51], [0.0022206,299.33], [0.0022207,20.26]],"timestamp":1587111191.643001,"currency":"BNBBTC"}]}
],"arbitrages_count": 1,"without_fees_count": 31469,"all_count": 220728}