{"arbitrage_stats":[{"score": 1.004108317,"supply_gain_index": [0, 0, 0],"demand_gain_index": [0, 0, 0],"supply_gain": 1.21254526,"demand_gain": 0,"time_delta": 0.5994925,"pairs": [{"id":1089826757,
"demand": [[2.3031,18.47], [2.303,296.26], [2.3027,194.49], [2.3026,13.01], [2.3025,688.03]],
"supply": [[2.3043,1582.98], [2.3044,923.8], [2.3046,286.3], [2.3047,325.9], [2.3051,725.02]],"timestamp":1585257654.572238,"currency":"EOSUSDT"},{"id":115983913,
"demand": [[0.18,356.48], [0.1799,60.92], [0.1797,14.29], [0.1796,7.74], [0.1795,1215.02]],
"supply": [[0.1803,156.22], [0.1804,543.34], [0.1805,901.5], [0.1806,0.7], [0.1807,6.1]],"timestamp":1585257654.220238,"currency":"EOSBNB"},{"id":704861614,
"demand": [[12.8929,52.75], [12.88,11451.73], [12.86,11825.64], [12.8561,147.75], [12.854,10]],
"supply": [[12.9018,55.65], [12.9101,50.49], [12.9102,1.81], [12.9126,3.4], [12.9127,2.37]],"timestamp":1585257654.649967,"currency":"BNBUSDT"}]}
],"arbitrages_count": 1,"without_fees_count": 24175,"all_count": 238537}