{"arbitrage_stats":[{"score": 1.000127827,"supply_gain_index": [0, 0, 0],"demand_gain_index": [0, 0, 0],"supply_gain": 0.0003310718409,"demand_gain": 0,"time_delta": 0.8046861,"pairs": [{"id":1188570392,
"demand": [[2.506,512.07], [2.5059,199.42], [2.5058,82], [2.5056,25.67], [2.5055,65.15]],
"supply": [[2.5078,207.76], [2.5079,256.8], [2.5082,70.61], [2.5084,289.41], [2.5088,951.12]],"timestamp":1587427392.061284,"currency":"EOSUSDT"},{"id":121053504,
"demand": [[0.1666,2.59], [0.1665,7.77], [0.1664,103.42], [0.1663,448.24], [0.1662,607.78]],
"supply": [[0.1667,60.99], [0.1668,10.77], [0.1669,20.41], [0.167,346.24], [0.1671,971.33]],"timestamp":1587427391.934669,"currency":"EOSBNB"},{"id":812822480,
"demand": [[15.1,2723.08], [15.0509,35.94], [15.0501,15], [15.05,112.72], [15.047,31.36]],
"supply": [[15.1016,13.24], [15.1018,4.26], [15.102,3.38], [15.1029,5.02], [15.1033,1.96]],"timestamp":1587427392.148248,"currency":"BNBUSDT"}]}
],"arbitrages_count": 1,"without_fees_count": 20575,"all_count": 241639}