{"arbitrage_stats":[{"score": 1.001072367,"supply_gain_index": [2, 3, 0],"demand_gain_index": [0, 0, 0],"supply_gain": 0.5322799991,"demand_gain": 0,"time_delta": 0.9082892,"pairs": [{"id":1159974860,
"demand": [[2.466,173.12], [2.4658,373.97], [2.4653,211.42], [2.4652,82], [2.4651,128.11]],
"supply": [[2.4667,202.83], [2.4668,94.25], [2.4669,600], [2.467,2887.91], [2.4671,278.59]],"timestamp":1586835515.325924,"currency":"EOSUSDT"},{"id":119674629,
"demand": [[0.1613,0.62], [0.1612,21.31], [0.1611,151.19], [0.161,496.36], [0.1609,900]],
"supply": [[0.1615,101.09], [0.1616,529.54], [0.1617,305.51], [0.1618,985.66], [0.1619,58]],"timestamp":1586835515.272929,"currency":"EOSBNB"},{"id":788367707,
"demand": [[15.3849,1414.82], [15.3801,244.71], [15.375,101.9], [15.37,84], [15.3591,1790]],
"supply": [[15.4014,7.07], [15.443,29.86], [15.4499,160.93], [15.45,282.4], [15.468,29.86]],"timestamp":1586835515.269458,"currency":"BNBUSDT"}]}
],"arbitrages_count": 3,"without_fees_count": 27597,"all_count": 244159}