{"arbitrage_stats":[{"score": 1.000060721,"supply_gain_index": [0, 0, 0],"demand_gain_index": [0, 0, 0],"supply_gain": 6.072082462e-07,"demand_gain": 0,"time_delta": 0.5813966,"pairs": [{"id":1288515400,
"demand": [[2.4313,759.1], [2.4312,141.01], [2.431,1625.01], [2.4307,600], [2.4301,130]],
"supply": [[2.4321,130], [2.4326,111.18], [2.433,3200], [2.4331,58.87], [2.4332,12.39]],"timestamp":1589271083.161808,"currency":"EOSUSDT"},{"id":124471324,
"demand": [[0.1556,0.01], [0.1555,67.47], [0.1554,64.53], [0.1553,518.48], [0.1552,80.18]],
"supply": [[0.1557,0.73], [0.1558,358.67], [0.1559,900], [0.156,67.84], [0.1561,1.8]],"timestamp":1589271082.769750,"currency":"EOSBNB"},{"id":913703206,
"demand": [[15.6784,50], [15.6592,150.07], [15.6584,2160], [15.6564,0.8], [15.6511,10.88]],
"supply": [[15.6898,10.9], [15.6899,51.7], [15.69,113.18], [15.691,10], [15.6914,1.05]],"timestamp":1589271083.198747,"currency":"BNBUSDT"}]}
],"arbitrages_count": 1,"without_fees_count": 43067,"all_count": 236595}