{"arbitrage_stats":[{"score": 1.000760177,"supply_gain_index": [0, 0, 0],"demand_gain_index": [0, 0, 0],"supply_gain": 0.06511677363,"demand_gain": 0,"time_delta": 0.1357005,"pairs": [{"id":1200321648,
"demand": [[2.7136,150], [2.7123,801.43], [2.712,89.63], [2.7118,1372.64], [2.7117,1153.03]],
"supply": [[2.7138,85.66], [2.7141,48], [2.7147,274.59], [2.7153,497.17], [2.7162,366.15]],"timestamp":1587652394.301780,"currency":"EOSUSDT"},{"id":121530121,
"demand": [[0.1681,150.51], [0.1672,900], [0.1671,621.47], [0.167,11.08], [0.1669,4.51]],
"supply": [[0.1682,67.19], [0.1683,74.24], [0.1684,1150.03], [0.1685,21.08], [0.1686,269.5]],"timestamp":1587652394.407574,"currency":"EOSBNB"},{"id":824638354,
"demand": [[16.2048,17.44], [16.1981,15], [16.1952,52.66], [16.1937,164.31], [16.1808,153.72]],
"supply": [[16.21,0.64], [16.2246,50.36], [16.2247,32.51], [16.2341,1609], [16.238,1.03]],"timestamp":1587652395.167631,"currency":"BNBUSDT"}]}
],"arbitrages_count": 1,"without_fees_count": 23104,"all_count": 238989}