{"arbitrage_stats":[{"score": 1.000241803,"supply_gain_index": [0, 0, 0],"demand_gain_index": [0, 0, 0],"supply_gain": 0,"demand_gain": 0.02164795485,"time_delta": 0.4475855,"pairs": [{"id":1001059247,
"demand": [[3.0636,810.05], [3.0632,600], [3.0631,65.24], [3.0629,600], [3.0625,253.74]],
"supply": [[3.0644,1470.21], [3.0655,2469.53], [3.0656,600], [3.0657,725.02], [3.0661,360.89]],"timestamp":1583763078.580769,"currency":"EOSUSDT"},{"id":110264972,
"demand": [[0.1858,31.24], [0.1857,0.74], [0.1856,140], [0.1855,86.99], [0.1854,167.18]],
"supply": [[0.1862,93.09], [0.1864,671.53], [0.1865,26.89], [0.1866,904.69], [0.1867,70.84]],"timestamp":1583763079.034445,"currency":"EOSBNB"},{"id":654403310,
"demand": [[16.3977,22.16], [16.3976,4.88], [16.3975,2.83], [16.3942,1.05], [16.3906,199.3]],
"supply": [[16.4,16.67], [16.472,33.17], [16.4724,151.09], [16.4731,30.41], [16.474,824.31]],"timestamp":1583763079.287539,"currency":"BNBUSDT"}]}
],"arbitrages_count": 1,"without_fees_count": 8900,"all_count": 143131}