{"arbitrage_stats":[{"score": 1.000406485,"supply_gain_index": [0, 0, 0],"demand_gain_index": [1, 0, 1],"supply_gain": 0,"demand_gain": 0.1431314084,"time_delta": 0.193184,"pairs": [{"id":1164888766,
"demand": [[2.4349,255.49], [2.4348,508.83], [2.4345,127.84], [2.4344,50], [2.4343,600]],
"supply": [[2.4357,554.26], [2.4358,600], [2.436,65.13], [2.4361,439.73], [2.4365,816.91]],"timestamp":1586948437.384925,"currency":"EOSUSDT"},{"id":119954575,
"demand": [[0.1584,89.99], [0.1583,10.73], [0.1582,26.83], [0.1581,909.3], [0.158,26.71]],
"supply": [[0.1586,352.12], [0.1587,681.79], [0.1589,900], [0.159,1.91], [0.1591,167]],"timestamp":1586948437.279437,"currency":"EOSBNB"},{"id":794324669,
"demand": [[15.2951,3.54], [15.2836,47.52], [15.2829,55.51], [15.282,256.81], [15.2802,8.14]],
"supply": [[15.2993,13.52], [15.2996,120.26], [15.3,1163.19], [15.3177,151.98], [15.3402,2001]],"timestamp":1586948438.090591,"currency":"BNBUSDT"}]}
],"arbitrages_count": 1,"without_fees_count": 20820,"all_count": 241008}