{"arbitrage_stats":[{"score": 1.001978984,"supply_gain_index": [0, 1, 0],"demand_gain_index": [0, 0, 0],"supply_gain": 0.3920762119,"demand_gain": 0,"time_delta": 0.3640957001,"pairs": [{"id":1204095829,
"demand": [[2.7048,86.49], [2.7042,1570.56], [2.7041,2306.61], [2.704,717.8], [2.7038,150]],
"supply": [[2.7049,1484.56], [2.705,2123.51], [2.7052,299.83], [2.7053,745.02], [2.7054,182.86]],"timestamp":1587730678.682633,"currency":"EOSUSDT"},{"id":121686144,
"demand": [[0.17,69.08], [0.1699,198.12], [0.1698,47.88], [0.1697,196.91], [0.1696,838.64]],
"supply": [[0.1701,21.88], [0.1702,600], [0.1704,1457.38], [0.1707,602.06], [0.1708,149]],"timestamp":1587730678.572014,"currency":"EOSBNB"},{"id":828561038,
"demand": [[16,12876.98], [15.9904,30], [15.9849,151.09], [15.9454,1184], [15.9381,152.52]],
"supply": [[16.0001,57.96], [16.001,0.98], [16.0016,0.75], [16.0017,47.51], [16.0044,40.26]],"timestamp":1587730679.184267,"currency":"BNBUSDT"}]}
],"arbitrages_count": 1,"without_fees_count": 19896,"all_count": 235861}