{"arbitrage_stats":[{"score": 1.00030223,"supply_gain_index": [0, 0, 0],"demand_gain_index": [0, 0, 0],"supply_gain": 3.022303712e-06,"demand_gain": 0,"time_delta": 0.4079796,"pairs": [{"id":1152565417,
"demand": [[2.5084,677.7], [2.5076,98.25], [2.5075,131.38], [2.5073,1032.5], [2.5069,679.62]],
"supply": [[2.5085,2573.84], [2.5086,89.34], [2.5089,761.91], [2.5091,600], [2.5098,150]],"timestamp":1586691859.602702,"currency":"EOSUSDT"},{"id":119301191,
"demand": [[0.1799,0.01], [0.1798,11.12], [0.1794,166.25], [0.1793,971.03], [0.1792,302.99]],
"supply": [[0.18,18.87], [0.1801,1215.68], [0.1802,3.85], [0.1803,187.58], [0.1804,83.62]],"timestamp":1586691858.993739,"currency":"EOSBNB"},{"id":781197652,
"demand": [[13.99,902.85], [13.9872,1.07], [13.9823,151.09], [13.9629,23.18], [13.9628,45.41]],
"supply": [[13.9973,3.03], [13.9974,51.71], [13.998,16.85], [13.9987,5.2], [13.999,1]],"timestamp":1586691859.601727,"currency":"BNBUSDT"}]}
],"arbitrages_count": 1,"without_fees_count": 38023,"all_count": 240362}