{"arbitrage_stats":[{"score": 1.000133846,"supply_gain_index": [0, 0, 0],"demand_gain_index": [0, 0, 0],"supply_gain": 1.338459511e-06,"demand_gain": 0,"time_delta": 0.8201792,"pairs": [{"id":1148531294,
"demand": [[2.5392,34.01], [2.5391,26.75], [2.539,796.83], [2.5388,1579.35], [2.5386,354.78]],
"supply": [[2.5396,4.44], [2.54,120.49], [2.5401,26.75], [2.5402,100], [2.5403,334.67]],"timestamp":1586586480.931021,"currency":"EOSUSDT"},{"id":119087367,
"demand": [[0.181,0.01], [0.1808,1.68], [0.1806,2.04], [0.1805,4.1], [0.1804,17.52]],
"supply": [[0.1811,1302.93], [0.1812,918.54], [0.1813,171.26], [0.1814,14.87], [0.1815,28.21]],"timestamp":1586586480.750617,"currency":"EOSBNB"},{"id":776547469,
"demand": [[14.075,50.45], [14.0713,4.61], [14.0676,10.3], [14.0674,151.09], [14.0666,87.63]],
"supply": [[14.0759,12.14], [14.0767,0.9], [14.0768,25.36], [14.0772,33.32], [14.0773,32]],"timestamp":1586586480.832759,"currency":"BNBUSDT"}]}
],"arbitrages_count": 2,"without_fees_count": 33102,"all_count": 241366}