{"arbitrage_stats":[{"score": 1.000263547,"supply_gain_index": [0, 0, 0],"demand_gain_index": [0, 0, 0],"supply_gain": 0,"demand_gain": 0.06073958455,"time_delta": 0.1721339,"pairs": [{"id":1268045204,
"demand": [[2.761,1548.37], [2.7606,725.02], [2.7603,124.96], [2.7602,299.99], [2.7601,268.66]],
"supply": [[2.7611,600], [2.7616,740.41], [2.7618,724.77], [2.7619,62.5], [2.7626,181.08]],"timestamp":1588969007.964617,"currency":"EOSUSDT"},{"id":123887154,
"demand": [[0.1597,0.77], [0.1595,1172.66], [0.1594,1084.28], [0.1593,1294.96], [0.1592,2297.07]],
"supply": [[0.16,230.47], [0.1601,1475.42], [0.1602,1039.71], [0.1603,143.7], [0.1604,147.06]],"timestamp":1588969007.846371,"currency":"EOSBNB"},{"id":889955805,
"demand": [[17.1999,3.5], [17.1998,74.64], [17.1997,72.71], [17.19,5.78], [17.188,133.58]],
"supply": [[17.2,32182.73], [17.2075,151.09], [17.2122,49.92], [17.2125,153.56], [17.219,4.5]],"timestamp":1588969008.678666,"currency":"BNBUSDT"}]}
],"arbitrages_count": 1,"without_fees_count": 27110,"all_count": 231914}