{"arbitrage_stats":[{"score": 1.002741687,"supply_gain_index": [0, 0, 0],"demand_gain_index": [0, 1, 2],"supply_gain": 0,"demand_gain": 0.2328653881,"time_delta": 0.09624650003,"pairs": [{"id":1294549213,
"demand": [[2.522,7032.72], [2.52,183.96], [2.5191,204.68], [2.515,5], [2.5125,796.01]],
"supply": [[2.5222,232.84], [2.5224,10], [2.5228,4.88], [2.523,45.03], [2.5241,1153.07]],"timestamp":1589384083.357463,"currency":"EOSUSDT"},{"id":124645831,
"demand": [[0.1535,2.79], [0.1534,59.47], [0.1533,656.27], [0.1532,2.51], [0.1531,3.4]],
"supply": [[0.1539,0.6], [0.154,412.16], [0.1541,25.68], [0.1542,83.53], [0.1543,25.8]],"timestamp":1589384083.964380,"currency":"EOSBNB"},{"id":921245463,
"demand": [[16.2722,53.13], [16.272,10.24], [16.2719,50], [16.2713,151.09], [16.2708,396.14]],
"supply": [[16.2827,1.94], [16.2828,6.23], [16.2829,13.08], [16.2831,2.47], [16.2835,3.54]],"timestamp":1589384084.252326,"currency":"BNBUSDT"}]}
],"arbitrages_count": 3,"without_fees_count": 26383,"all_count": 227226}