{"arbitrage_stats":[{"score": 1.0000406,"supply_gain_index": [0, 0, 0],"demand_gain_index": [0, 0, 0],"supply_gain": 0,"demand_gain": 4.060006509e-07,"time_delta": 0.2948461,"pairs": [{"id":1048066265,
"demand": [[1.9657,3.05], [1.9648,80.41], [1.9647,306], [1.9645,395.41], [1.9644,128.15]],
"supply": [[1.9658,998.41], [1.9659,128.15], [1.966,600], [1.9663,725.02], [1.9664,763]],"timestamp":1584511012.504052,"currency":"EOSUSDT"},{"id":113591402,
"demand": [[0.1942,3134.12], [0.1941,588.74], [0.194,20.96], [0.1939,93.14], [0.1938,390.58]],
"supply": [[0.1943,0.01], [0.1947,6.2], [0.195,4001.39], [0.1951,596.98], [0.1952,325.01]],"timestamp":1584511013.211619,"currency":"EOSBNB"},{"id":679748600,
"demand": [[10.075,389.8], [10.0748,23.5], [10.0727,1.5], [10.072,151.09], [10.0714,2.8]],
"supply": [[10.0861,58.46], [10.0862,23.24], [10.0863,130.54], [10.0865,64.99], [10.0867,1427.86]],"timestamp":1584511013.204652,"currency":"BNBUSDT"}]}
],"arbitrages_count": 2,"without_fees_count": 17942,"all_count": 248475}