{"arbitrage_stats":[{"score": 1.000224567,"supply_gain_index": [0, 0, 1],"demand_gain_index": [0, 0, 0],"supply_gain": 0.01222990781,"demand_gain": 0,"time_delta": 0.4013941999,"pairs": [{"id":1207773923,
"demand": [[2.6784,14.73], [2.678,496.15], [2.6766,1478.14], [2.6751,195.72], [2.674,2201.64]],
"supply": [[2.684,654.02], [2.6859,80.95], [2.6901,25.29], [2.6905,7250], [2.6907,557.57]],"timestamp":1587830301.575207,"currency":"EOSUSDT"},{"id":121855107,
"demand": [[0.1662,54.46], [0.1661,78.92], [0.166,17.15], [0.1659,7.27], [0.1658,30.07]],
"supply": [[0.1665,21.37], [0.1666,114.68], [0.1667,32.82], [0.167,28.51], [0.1671,2.06]],"timestamp":1587830300.985434,"currency":"EOSBNB"},{"id":833069578,
"demand": [[16.2015,7.55], [16.2014,47.85], [16.2007,9.41], [16.2002,348.11], [16.2001,1.39]],
"supply": [[16.2081,8.03], [16.2082,54.49], [16.2097,10.4], [16.2099,7.45], [16.21,269.9]],"timestamp":1587830301.349907,"currency":"BNBUSDT"}]}
],"arbitrages_count": 1,"without_fees_count": 17890,"all_count": 206499}