{"arbitrage_stats":[{"score": 1.000130464,"supply_gain_index": [0, 0, 0],"demand_gain_index": [0, 0, 0],"supply_gain": 0,"demand_gain": 0.0002818027664,"time_delta": 0.752284,"pairs": [{"id":1114360919,
"demand": [[2.4304,16.88], [2.4303,289.45], [2.43,8.22], [2.4299,125.1], [2.4295,317]],
"supply": [[2.4318,600], [2.4324,88.59], [2.4325,278.69], [2.4333,994.57], [2.4334,601]],"timestamp":1585846979.707238,"currency":"EOSUSDT"},{"id":117297064,
"demand": [[0.1799,1040.46], [0.1798,89.83], [0.1797,278.45], [0.1795,1], [0.1792,1]],
"supply": [[0.18,2.16], [0.1801,2.21], [0.1802,335.08], [0.1803,161.09], [0.1804,134.09]],"timestamp":1585846979.453483,"currency":"EOSBNB"},{"id":733252731,
"demand": [[13.4584,58.86], [13.4583,125.16], [13.4582,10], [13.4581,0.8], [13.4517,1.49]],
"supply": [[13.46,8605.98], [13.4604,15], [13.4629,12.16], [13.4632,5.41], [13.4633,1.13]],"timestamp":1585846979.648955,"currency":"BNBUSDT"}]}
],"arbitrages_count": 1,"without_fees_count": 40640,"all_count": 241897}