{"arbitrage_stats":[{"score": 1.000214213,"supply_gain_index": [0, 0, 0],"demand_gain_index": [0, 0, 0],"supply_gain": 6.426387474e-06,"demand_gain": 0,"time_delta": 0.06602269993,"pairs": [{"id":1129931646,
"demand": [[2.6962,175.52], [2.696,1808.24], [2.6958,612.08], [2.6957,276.41], [2.6955,725.02]],
"supply": [[2.6971,513.97], [2.6972,209], [2.6973,725.02], [2.6975,89.05], [2.6976,268.42]],"timestamp":1586207443.889898,"currency":"EOSUSDT"},{"id":118134542,
"demand": [[0.1827,0.03], [0.1826,2.04], [0.1822,2.04], [0.1821,0.62], [0.182,53.84]],
"supply": [[0.1828,1879.68], [0.1829,663.38], [0.183,84.03], [0.1831,801.41], [0.1832,94.6]],"timestamp":1586207443.388161,"currency":"EOSBNB"},{"id":756400508,
"demand": [[14.81,880.48], [14.807,1.01], [14.8067,67.35], [14.8062,150], [14.8052,151.09]],
"supply": [[14.8101,10], [14.8106,2.58], [14.8118,5.44], [14.8136,6.66], [14.8145,21.84]],"timestamp":1586207444.322592,"currency":"BNBUSDT"}]}
],"arbitrages_count": 9,"without_fees_count": 24478,"all_count": 242609}