{"arbitrage_stats":[{"score": 1.000366009,"supply_gain_index": [0, 0, 0],"demand_gain_index": [0, 0, 0],"supply_gain": 0,"demand_gain": 5.014324173e-05,"time_delta": 0.09607880004,"pairs": [{"id":286816955,
"demand": [[0.006507,4], [0.006472,5.274], [0.006471,32.205], [0.00647,107.108], [0.006469,67.5]],
"supply": [[0.006509,42.763], [0.00651,60.326], [0.006511,1.657], [0.006512,1.6], [0.006513,87.438]],"timestamp":1588865550.490322,"currency":"XMRBTC"},{"id":51117480,
"demand": [[3.665,0.412], [3.664,9.478], [3.663,0.203], [3.662,0.909], [3.661,0.036]],
"supply": [[3.677,0.137], [3.678,0.078], [3.679,0.493], [3.68,0.643], [3.681,0.354]],"timestamp":1588865549.582458,"currency":"XMRBNB"},{"id":661165187,
"demand": [[0.0017627,56.89], [0.0017625,180], [0.0017622,124.73], [0.001762,6.57], [0.0017618,121.96]],
"supply": [[0.0017637,6.47], [0.001764,119.71], [0.0017641,0.06], [0.0017642,0.11], [0.0017643,0.87]],"timestamp":1588865549.753944,"currency":"BNBBTC"}]}
],"arbitrages_count": 1,"without_fees_count": 33318,"all_count": 229341}