{"arbitrage_stats":[{"score": 1.000232565,"supply_gain_index": [0, 0, 0],"demand_gain_index": [0, 0, 0],"supply_gain": 3.744301232e-05,"demand_gain": 0,"time_delta": 0.7755664999,"pairs": [{"id":289095421,
"demand": [[0.006943,1.19], [0.006942,5.127], [0.00694,7.624], [0.006939,17], [0.006938,9.1]],
"supply": [[0.006946,0.637], [0.00695,21.809], [0.006952,1.5], [0.006955,2.862], [0.006956,8.606]],"timestamp":1589273624.640846,"currency":"XMRBTC"},{"id":51868166,
"demand": [[3.85,0.161], [3.849,0.129], [3.848,0.468], [3.847,0.113], [3.846,0.146]],
"supply": [[3.862,8.23], [3.863,17.219], [3.864,17.218], [3.866,32.942], [3.869,0.184]],"timestamp":1589273624.412667,"currency":"XMRBNB"},{"id":665991040,
"demand": [[0.00181,1832.74], [0.0018063,2.02], [0.0018062,3.82], [0.0018061,9.33], [0.001806,3.42]],
"supply": [[0.0018104,168.03], [0.0018105,135.04], [0.0018106,0.38], [0.0018107,14.83], [0.0018108,6.91]],"timestamp":1589273624.613331,"currency":"BNBBTC"}]}
],"arbitrages_count": 2,"without_fees_count": 38247,"all_count": 210820}