{"arbitrage_stats":[{"score": 1.000432963,"supply_gain_index": [0, 0, 0],"demand_gain_index": [0, 0, 0],"supply_gain": 3.20392962e-05,"demand_gain": 0,"time_delta": 0.1998114999,"pairs": [{"id":262150218,
"demand": [[0.007411,100.024], [0.007404,14.864], [0.007403,15.871], [0.007401,1.915], [0.0074,1.891]],
"supply": [[0.007419,20.267], [0.00742,13.712], [0.007422,52.428], [0.007424,13.777], [0.007425,6.197]],"timestamp":1583603646.267480,"currency":"XMRBTC"},{"id":40236637,
"demand": [[3.299,0.074], [3.295,0.151], [3.294,0.05], [3.289,4.827], [3.288,0.23]],
"supply": [[3.311,7.359], [3.312,3.253], [3.313,0.161], [3.314,0.04], [3.316,0.036]],"timestamp":1583603645.493492,"currency":"XMRBNB"},{"id":595173596,
"demand": [[0.0022566,1.01], [0.0022565,1.47], [0.0022564,100.08], [0.0022563,50.06], [0.002256,0.81]],
"supply": [[0.0022568,9.32], [0.0022569,1.49], [0.0022572,48.55], [0.0022577,88.65], [0.0022578,137.85]],"timestamp":1583603645.741768,"currency":"BNBBTC"}]}
],"arbitrages_count": 1,"without_fees_count": 14165,"all_count": 193094}