{"arbitrage_stats":[{"score": 1.00053693,"supply_gain_index": [2, 0, 1],"demand_gain_index": [0, 0, 0],"supply_gain": 0.007168363432,"demand_gain": 0,"time_delta": 0.2187924001,"pairs": [{"id":290520703,
"demand": [[0.00676,5.847], [0.006759,1.475], [0.006758,95.417], [0.006757,10.015], [0.006756,3.593]],
"supply": [[0.006765,1.116], [0.006766,1.514], [0.006767,156.879], [0.006768,23.545], [0.006769,2.621]],"timestamp":1589524058.341169,"currency":"XMRBTC"},{"id":52181999,
"demand": [[4.02,37.963], [3.998,16.603], [3.997,0.033], [3.996,2.696], [3.995,8.137]],
"supply": [[4.021,0.068], [4.023,0.494], [4.024,0.225], [4.025,17.332], [4.026,0.909]],"timestamp":1589524058.329700,"currency":"XMRBNB"},{"id":668846488,
"demand": [[0.0016894,6.13], [0.0016893,53.48], [0.001689,20.18], [0.0016887,0.09], [0.0016886,0.12]],
"supply": [[0.0016898,56.71], [0.0016899,19.6], [0.00169,1.56], [0.0016906,16.21], [0.0016907,229.66]],"timestamp":1589524059.109108,"currency":"BNBBTC"}]}
],"arbitrages_count": 3,"without_fees_count": 11662,"all_count": 67770}