{"arbitrage_stats":[{"score": 1.000306181,"supply_gain_index": [0, 0, 0],"demand_gain_index": [0, 0, 0],"supply_gain": 1.224723558e-06,"demand_gain": 0,"time_delta": 0.5930881,"pairs": [{"id":283511959,
"demand": [[0.007562,0.715], [0.007561,3.641], [0.00756,3.647], [0.007559,8.355], [0.007558,4.37]],
"supply": [[0.007566,2.525], [0.007567,1.6], [0.007568,1], [0.00757,2.07], [0.007571,1.5]],"timestamp":1588179080.564592,"currency":"XMRBTC"},{"id":50089265,
"demand": [[3.806,0.004], [3.789,0.224], [3.788,0.076], [3.787,0.238], [3.786,0.035]],
"supply": [[3.809,0.129], [3.812,1.118], [3.814,0.825], [3.815,0.375], [3.816,0.036]],"timestamp":1588179080.803680,"currency":"XMRBNB"},{"id":653913425,
"demand": [[0.0019945,23.1], [0.0019943,39.59], [0.0019942,1.15], [0.001994,1.59], [0.0019939,2.33]],
"supply": [[0.0019961,2.97], [0.0019962,21.34], [0.0019964,190.01], [0.0019965,9.15], [0.0019968,0.67]],"timestamp":1588179080.966179,"currency":"BNBBTC"}]}
],"arbitrages_count": 2,"without_fees_count": 20717,"all_count": 208100}