{"arbitrage_stats":[{"score": 1.000040735,"supply_gain_index": [0, 0, 0],"demand_gain_index": [0, 0, 0],"supply_gain": 0,"demand_gain": 5.702949116e-06,"time_delta": 0.5518397,"pairs": [{"id":258180614,
"demand": [[0.007992,3.268], [0.007986,1.75], [0.007983,15.289], [0.007982,12.383], [0.007981,80.5]],
"supply": [[0.008002,2.312], [0.008003,10], [0.008005,2.492], [0.008008,7], [0.008009,12.419]],"timestamp":1582736082.492973,"currency":"XMRBTC"},{"id":38591939,
"demand": [[3.81,19.163], [3.809,5.05], [3.808,0.483], [3.801,0.1], [3.8,0.054]],
"supply": [[3.822,0.14], [3.825,0.161], [3.826,0.264], [3.829,0.129], [3.832,0.348]],"timestamp":1582736082.483518,"currency":"XMRBNB"},{"id":584713409,
"demand": [[0.0020846,0.84], [0.002084,0.07], [0.0020833,4.55], [0.0020832,0.31], [0.0020831,4.22]],
"supply": [[0.0020847,15.23], [0.0020866,5.29], [0.0020867,116.96], [0.002089,17.58], [0.0020905,30.3]],"timestamp":1582736082.941611,"currency":"BNBBTC"}]}
],"arbitrages_count": 1,"without_fees_count": 7001,"all_count": 118862}