{"arbitrage_stats":[{"score": 1.000135138,"supply_gain_index": [0, 0, 0],"demand_gain_index": [0, 0, 0],"supply_gain": 1.459494937e-05,"demand_gain": 0,"time_delta": 0.01055070001,"pairs": [{"id":284884167,
"demand": [[0.007216,30.846], [0.007215,5.2], [0.007214,36.556], [0.007213,31.852], [0.007212,133.414]],
"supply": [[0.007217,10.237], [0.007231,0.693], [0.007232,1.992], [0.007233,1.315], [0.007234,2.727]],"timestamp":1588454731.260901,"currency":"XMRBTC"},{"id":50529815,
"demand": [[3.686,0.108], [3.685,0.072], [3.683,0.144], [3.682,0.036], [3.681,0.036]],
"supply": [[3.687,0.393], [3.688,16.191], [3.689,8.113], [3.694,0.036], [3.695,32.77]],"timestamp":1588454723.825620,"currency":"XMRBNB"},{"id":657288839,
"demand": [[0.0019641,4.84], [0.001963,14.9], [0.0019628,30], [0.0019627,290.93], [0.0019622,0.4]],
"supply": [[0.0019644,0.06], [0.0019645,183.63], [0.0019646,1.42], [0.0019647,9.8], [0.0019648,18.02]],"timestamp":1588454730.925711,"currency":"BNBBTC"}]}
],"arbitrages_count": 1,"without_fees_count": 29986,"all_count": 193775}