{"arbitrage_stats":[{"score": 1.000035434,"supply_gain_index": [0, 0, 0],"demand_gain_index": [0, 0, 0],"supply_gain": 0,"demand_gain": 7.441210495e-07,"time_delta": 0.4338729,"pairs": [{"id":289644089,
"demand": [[0.007161,2.14], [0.00716,335.506], [0.007159,1.248], [0.00715,107.754], [0.007147,1.5]],
"supply": [[0.007162,17.804], [0.007163,14.255], [0.007164,4.772], [0.007165,64.542], [0.007166,41.603]],"timestamp":1589390926.920286,"currency":"XMRBTC"},{"id":52014369,
"demand": [[4.02,28.628], [4.018,3.134], [4.014,2.678], [4.013,0.054], [4.012,0.033]],
"supply": [[4.021,0.021], [4.024,0.126], [4.025,0.162], [4.026,0.103], [4.027,0.234]],"timestamp":1589390926.349907,"currency":"XMRBNB"},{"id":667214433,
"demand": [[0.0017749,18.08], [0.0017748,122.64], [0.0017746,0.23], [0.0017743,204.16], [0.0017742,56.33]],
"supply": [[0.0017755,159.43], [0.0017758,1.85], [0.0017759,0.78], [0.0017762,56.33], [0.0017763,167.28]],"timestamp":1589390926.753144,"currency":"BNBBTC"}]}
],"arbitrages_count": 1,"without_fees_count": 39659,"all_count": 208356}