{"arbitrage_stats":[{"score": 1.000173094,"supply_gain_index": [0, 0, 0],"demand_gain_index": [0, 0, 0],"supply_gain": 1.973275323e-05,"demand_gain": 0,"time_delta": 0.524182,"pairs": [{"id":278586774,
"demand": [[0.007829,9.074], [0.007828,25.02], [0.007826,26.241], [0.007825,5.572], [0.007824,57.2]],
"supply": [[0.007833,1.847], [0.007834,24.851], [0.007835,86.983], [0.007836,1.5], [0.007838,10]],"timestamp":1586868355.748632,"currency":"XMRBTC"},{"id":47362577,
"demand": [[3.435,0.114], [3.434,0.076], [3.433,0.116], [3.432,0.4], [3.431,0.527]],
"supply": [[3.441,0.644], [3.442,60], [3.443,4.321], [3.447,19.446], [3.448,0.036]],"timestamp":1586868355.556416,"currency":"XMRBNB"},{"id":640489604,
"demand": [[0.0022876,3.46], [0.0022854,18.18], [0.0022844,128.63], [0.002284,39.7], [0.0022832,1394]],
"supply": [[0.0022878,10.08], [0.0022879,2.53], [0.002288,66.9], [0.0022881,6.87], [0.0022882,22.23]],"timestamp":1586868356.031332,"currency":"BNBBTC"}]}
],"arbitrages_count": 1,"without_fees_count": 34530,"all_count": 210466}