{"arbitrage_stats":[{"score": 1.000169129,"supply_gain_index": [0, 0, 0],"demand_gain_index": [0, 0, 0],"supply_gain": 8.456456056e-07,"demand_gain": 0,"time_delta": 0.1724056001,"pairs": [{"id":280488950,
"demand": [[0.008067,4.18], [0.008066,70.42], [0.008065,0.11], [0.008064,0.017], [0.008063,35.751]],
"supply": [[0.008069,0.727], [0.00807,2.977], [0.008072,21.584], [0.008074,70.458], [0.008076,385.991]],"timestamp":1587330136.941520,"currency":"XMRBTC"},{"id":48338692,
"demand": [[3.579,0.005], [3.576,0.037], [3.574,0.037], [3.573,0.133], [3.572,0.037]],
"supply": [[3.582,2.739], [3.583,63.088], [3.584,0.087], [3.585,0.074], [3.586,0.169]],"timestamp":1587330133.123265,"currency":"XMRBNB"},{"id":645577553,
"demand": [[0.0022617,20.33], [0.0022612,5.26], [0.0022611,4.91], [0.0022607,0.05], [0.0022604,8.49]],
"supply": [[0.002262,8.65], [0.0022621,0.87], [0.0022622,4.59], [0.0022623,0.12], [0.0022624,246.47]],"timestamp":1587330136.954845,"currency":"BNBBTC"}]}
],"arbitrages_count": 3,"without_fees_count": 60433,"all_count": 208480}