{"arbitrage_stats":[{"score": 1.000088352,"supply_gain_index": [0, 0, 0],"demand_gain_index": [0, 0, 0],"supply_gain": 0,"demand_gain": 5.195072121e-05,"time_delta": 0.03380129999,"pairs": [{"id":282495106,
"demand": [[0.008063,17.694], [0.008051,0.42], [0.008049,1.24], [0.008044,0.021], [0.008043,59.099]],
"supply": [[0.008073,81.767], [0.008074,98], [0.008075,60], [0.008082,1.962], [0.008095,1.7]],"timestamp":1587884899.182339,"currency":"XMRBTC"},{"id":49584316,
"demand": [[3.741,0.145], [3.74,1.159], [3.739,9.311], [3.738,0.105], [3.736,0.17]],
"supply": [[3.75,0.588], [3.751,17.229], [3.752,0.035], [3.753,8.667], [3.754,0.07]],"timestamp":1587884898.215902,"currency":"XMRBNB"},{"id":651140271,
"demand": [[0.002142,37.44], [0.0021419,240], [0.0021415,8.91], [0.0021414,217], [0.0021413,54.78]],
"supply": [[0.0021435,3.84], [0.0021436,0.77], [0.0021437,22.68], [0.0021438,97.26], [0.0021439,5.54]],"timestamp":1587884899.051581,"currency":"BNBBTC"}]}
],"arbitrages_count": 1,"without_fees_count": 32803,"all_count": 194767}