{"arbitrage_stats":[{"score": 1.000874346,"supply_gain_index": [0, 0, 0],"demand_gain_index": [0, 0, 0],"supply_gain": 0.0004371727822,"demand_gain": 0,"time_delta": 0.1367226,"pairs": [{"id":441665017,
"demand": [[0.01115,744553.9], [0.01114,1300666.2], [0.01113,2000369.5], [0.01112,1231831.9], [0.01111,2443359.8]],
"supply": [[0.01116,0.5], [0.01117,564022.9], [0.01118,1922977.8], [0.01119,2810607.8], [0.0112,1575594.3]],"timestamp":1585415282.699612,"currency":"TRXUSDT"},{"id":65434248,
"demand": [[0.06363,0.7], [0.06352,1260], [0.06337,191.7], [0.06335,5000], [0.06332,1456.8]],
"supply": [[0.06368,112500], [0.06369,100000], [0.0637,23496.5], [0.06372,13833.8], [0.06377,3653.7]],"timestamp":1585415283.563569,"currency":"TRXXRP"},{"id":952633486,
"demand": [[0.17607,6313.5], [0.176,31319.9], [0.17599,499.8], [0.17597,2010], [0.17596,3945.9]],
"supply": [[0.17608,209.5], [0.17611,6888.8], [0.17613,19816.5], [0.17614,5687.1], [0.17615,2841.3]],"timestamp":1585415283.085650,"currency":"XRPUSDT"}]}
],"arbitrages_count": 2,"without_fees_count": 16009,"all_count": 224311}