{"arbitrage_stats":[{"score": 1.00005343,"supply_gain_index": [0, 0, 0],"demand_gain_index": [0, 0, 0],"supply_gain": 0,"demand_gain": 5.343005579e-06,"time_delta": 0.0627289,"pairs": [{"id":482699306,
"demand": [[0.01604,169476], [0.01603,510136.5], [0.01602,447190.5], [0.01601,1322043.9], [0.016,1465021.4]],
"supply": [[0.01605,364527.1], [0.01606,658870.9], [0.01607,1266989.1], [0.01608,827104.9], [0.01609,295925.7]],"timestamp":1588307185.168418,"currency":"TRXUSDT"},{"id":68606968,
"demand": [[0.07426,783], [0.07418,21124.8], [0.07415,133464.8], [0.07405,289.7], [0.07403,200]],
"supply": [[0.07427,0.1], [0.07428,188.6], [0.07435,194.7], [0.0744,0.9], [0.07442,188.6]],"timestamp":1588307184.327642,"currency":"TRXXRP"},{"id":1070485629,
"demand": [[0.2153,3125.6], [0.21529,2532.8], [0.21528,2889], [0.21527,10000], [0.21526,8534]],
"supply": [[0.21531,238.4], [0.21537,7736.2], [0.21538,1536.1], [0.21539,1458.3], [0.21541,3644.2]],"timestamp":1588307185.264713,"currency":"XRPUSDT"}]}
],"arbitrages_count": 2,"without_fees_count": 24249,"all_count": 221879}