{"arbitrage_stats":[{"score": 1.000228443,"supply_gain_index": [0, 0, 0],"demand_gain_index": [0, 0, 0],"supply_gain": 0,"demand_gain": 0.0001370657529,"time_delta": 0.3329926,"pairs": [{"id":464394811,
"demand": [[0.01281,999721.2], [0.0128,1105938.4], [0.01279,2498970.3], [0.01278,2260441.7], [0.01277,1165021.8]],
"supply": [[0.01282,0.1], [0.01283,1458178.1], [0.01284,1898490], [0.01285,3151778.4], [0.01286,1150058.1]],"timestamp":1587111200.654365,"currency":"TRXUSDT"},{"id":67457416,
"demand": [[0.06779,75000], [0.06778,100000], [0.06769,650.6], [0.06768,300], [0.06767,462.8]],
"supply": [[0.06785,0.6], [0.06787,300], [0.06792,260], [0.06793,334], [0.06797,494.7]],"timestamp":1587111200.100295,"currency":"TRXXRP"},{"id":1020755323,
"demand": [[0.18818,921.4], [0.18817,6963.3], [0.18814,464.7], [0.18813,2655.9], [0.18812,2756.7]],
"supply": [[0.18819,10095.5], [0.18823,2049.2], [0.18824,3329.3], [0.18825,12657.3], [0.18827,10985]],"timestamp":1587111200.767609,"currency":"XRPUSDT"}]}
],"arbitrages_count": 1,"without_fees_count": 19031,"all_count": 208714}