{"arbitrage_stats":[{"score": 1.000402437,"supply_gain_index": [0, 0, 0],"demand_gain_index": [0, 0, 0],"supply_gain": 0,"demand_gain": 0.06821311384,"time_delta": 0.6396847001,"pairs": [{"id":384680464,
"demand": [[0.02177,2566227.3], [0.02175,65000], [0.02174,64000], [0.02173,11001], [0.02172,65000]],
"supply": [[0.02178,47005.7], [0.0218,41968.7], [0.02181,16036.8], [0.02182,666.6], [0.02183,666.6]],"timestamp":1582039688.992415,"currency":"TRXUSDT"},{"id":58966484,
"demand": [[0.07437,21082.8], [0.07428,84000], [0.07427,37046.7], [0.07425,1000], [0.07421,21200]],
"supply": [[0.07448,169.5], [0.07458,13896.2], [0.07459,2633.8], [0.0746,179.1], [0.07461,1162.4]],"timestamp":1582039688.636102,"currency":"TRXXRP"},{"id":784505785,
"demand": [[0.29117,1904.9], [0.29108,3907], [0.29107,10000], [0.29105,7597], [0.29098,3981]],
"supply": [[0.2913,13369.5], [0.29131,10055.2], [0.29132,8507], [0.29133,1868.3], [0.29134,2889.8]],"timestamp":1582039688.899763,"currency":"XRPUSDT"}]}
],"arbitrages_count": 1,"without_fees_count": 16786,"all_count": 229093}