{"arbitrage_stats":[{"score": 1.000278196,"supply_gain_index": [0, 0, 0],"demand_gain_index": [0, 0, 0],"supply_gain": 0,"demand_gain": 0.0001947369243,"time_delta": 0.06590560009,"pairs": [{"id":449525397,
"demand": [[0.01246,437186.7], [0.01245,901475.7], [0.01244,1056360.8], [0.01243,1732410.2], [0.01242,963412.2]],
"supply": [[0.01247,501624.7], [0.01248,1032400.1], [0.01249,1419459.2], [0.0125,1270109.7], [0.01251,95380.3]],"timestamp":1586093301.869996,"currency":"TRXUSDT"},{"id":66496444,
"demand": [[0.06899,112500], [0.06898,40144.5], [0.06891,100000], [0.06889,25000], [0.06887,14738.6]],
"supply": [[0.06908,0.7], [0.06911,2106.3], [0.06912,300], [0.06914,448.6], [0.06919,994.1]],"timestamp":1586093300.933607,"currency":"TRXXRP"},{"id":978928978,
"demand": [[0.17974,9869.3], [0.17972,18313.8], [0.17971,15366.1], [0.1797,11023.9], [0.17969,2463.7]],
"supply": [[0.17978,639.1], [0.17979,2189.4], [0.1798,10000], [0.17981,35703.1], [0.17982,12039]],"timestamp":1586093301.297118,"currency":"XRPUSDT"}]}
],"arbitrages_count": 1,"without_fees_count": 24423,"all_count": 206620}