{"arbitrage_stats":[{"score": 1.000882589,"supply_gain_index": [0, 0, 0],"demand_gain_index": [0, 0, 0],"supply_gain": 0,"demand_gain": 20.99478203,"time_delta": 0.350029,"pairs": [{"id":473400791,
"demand": [[0.01412,362024.4], [0.01411,2578326.8], [0.0141,2707505.6], [0.01409,1107951.5], [0.01408,671213.6]],
"supply": [[0.01413,62104.7], [0.01414,314552.8], [0.01415,2389944.6], [0.01416,2317662.4], [0.01417,2564608.4]],"timestamp":1587752890.526226,"currency":"TRXUSDT"},{"id":67987361,
"demand": [[0.07254,10930.4], [0.07253,28959.5], [0.07252,731.6], [0.07248,36187.3], [0.07246,9479.7]],
"supply": [[0.07255,25381.1], [0.0729,881.5], [0.073,6325.6], [0.07301,200], [0.07303,1159.3]],"timestamp":1587752890.013792,"currency":"TRXXRP"},{"id":1044794533,
"demand": [[0.19385,2186.9], [0.19383,11955.6], [0.19381,68127.4], [0.1938,9307.8], [0.19378,7762.7]],
"supply": [[0.19387,1725.8], [0.1939,4599], [0.19391,19086.2], [0.19393,7490], [0.19394,3880.4]],"timestamp":1587752890.663713,"currency":"XRPUSDT"}]}
],"arbitrages_count": 3,"without_fees_count": 28274,"all_count": 214165}