{"arbitrage_stats":[{"score": 1.000321385,"supply_gain_index": [0, 0, 0],"demand_gain_index": [0, 0, 0],"supply_gain": 0,"demand_gain": 0.5449725192,"time_delta": 0.1025489999,"pairs": [{"id":492213607,
"demand": [[0.01582,445702.7], [0.01581,768710.1], [0.0158,2208285.4], [0.01579,1958172.6], [0.01578,1484541.3]],
"supply": [[0.01584,327991.4], [0.01585,1525287.4], [0.01586,1986252.7], [0.01587,1631275.1], [0.01588,1032816.4]],"timestamp":1588873856.051863,"currency":"TRXUSDT"},{"id":69237694,
"demand": [[0.07347,1264.5], [0.07342,492.3], [0.0734,435], [0.07338,2241.8], [0.07334,503.7]],
"supply": [[0.07368,1695.7], [0.0738,200], [0.07384,105033.3], [0.07385,11119], [0.0739,399]],"timestamp":1588873856.289243,"currency":"TRXXRP"},{"id":1098073294,
"demand": [[0.21399,146002.7], [0.21394,7237.9], [0.21392,9119.9], [0.2139,12029.9], [0.21388,4675.3]],
"supply": [[0.214,215848.9], [0.21433,10000], [0.2144,3150], [0.21444,8000], [0.21445,3089]],"timestamp":1588873856.950604,"currency":"XRPUSDT"}]}
],"arbitrages_count": 1,"without_fees_count": 13566,"all_count": 213986}