{"arbitrage_stats":[{"score": 1.000086365,"supply_gain_index": [0, 0, 0],"demand_gain_index": [0, 0, 0],"supply_gain": 0,"demand_gain": 0.0259094821,"time_delta": 0.8600161,"pairs": [{"id":1265399988,
"demand": [[2.7461,1053.42], [2.746,600], [2.7459,4.01], [2.7456,67.64], [2.7455,882.06]],
"supply": [[2.7482,3651.09], [2.7483,51.04], [2.7484,432.56], [2.7486,494.75], [2.7488,1850]],"timestamp":1588915294.146847,"currency":"EOSUSDT"},{"id":287667295,
"demand": [[0.013034,300], [0.013033,358.5], [0.013032,300], [0.013031,15.34], [0.013028,900]],
"supply": [[0.013055,300], [0.01307,5.41], [0.013077,35.93], [0.013092,7.66], [0.013094,48.11]],"timestamp":1588915294.283255,"currency":"EOSETH"},{"id":1901541176,
"demand": [[209.55,13.21841], [209.54,30.35201], [209.53,0.1202], [209.52,0.67311], [209.51,2.6117]],
"supply": [[209.7,54.35949], [209.73,2.98507], [209.79,111.64553], [209.8,9.74507], [209.81,6.65806]],"timestamp":1588915294.280735,"currency":"ETHUSDT"}]}
],"arbitrages_count": 2,"without_fees_count": 4540,"all_count": 251426}