{"arbitrage_stats":[{"score": 1.000699206,"supply_gain_index": [0, 0, 0],"demand_gain_index": [0, 0, 0],"supply_gain": 0.002915689287,"demand_gain": 0,"time_delta": 0.5830441,"pairs": [{"id":589712679,
"demand": [[0.0003539,2.66], [0.0003537,954.77], [0.0003535,247.28], [0.0003532,545.37], [0.000353,620]],
"supply": [[0.0003542,276.42], [0.0003547,44.67], [0.0003549,135.46], [0.000355,1460], [0.0003552,186.63]],"timestamp":1587830307.503642,"currency":"EOSBTC"},{"id":284371468,
"demand": [[0.013858,4.17], [0.013771,143.21], [0.013763,300], [0.013762,0.92], [0.013761,5.08]],
"supply": [[0.013878,299.43], [0.013879,762.13], [0.01388,0.92], [0.013887,0.92], [0.013894,0.92]],"timestamp":1587830307.089908,"currency":"EOSETH"},{"id":1170840393,
"demand": [[0.025654,15.297], [0.025651,0.635], [0.02565,1.729], [0.025649,0.009], [0.025647,57.975]],
"supply": [[0.025657,1.348], [0.025658,1.498], [0.025659,7.438], [0.025664,26.362], [0.025665,7.374]],"timestamp":1587830307.101197,"currency":"ETHBTC"}]}
],"arbitrages_count": 1,"without_fees_count": 1002,"all_count": 208785}