{"arbitrage_stats":[{"score": 1.000053695,"supply_gain_index": [0, 0, 0],"demand_gain_index": [0, 0, 0],"supply_gain": 0.01610843576,"demand_gain": 0,"time_delta": 0.08185099997,"pairs": [{"id":605465859,
"demand": [[0.0002609,11.49], [0.0002608,120.34], [0.0002607,247.38], [0.0002606,586.15], [0.0002604,261.35]],
"supply": [[0.0002616,2025.2], [0.0002618,2.49], [0.0002619,3.4], [0.000262,0.5], [0.0002621,55.78]],"timestamp":1589450978.568166,"currency":"EOSBTC"},{"id":289358586,
"demand": [[0.012503,300], [0.012502,455.98], [0.012501,300], [0.012498,788.74], [0.012495,586.46]],
"supply": [[0.012525,300], [0.012526,763.36], [0.012527,300], [0.012529,438.03], [0.012538,5.64]],"timestamp":1589450978.805468,"currency":"EOSETH"},{"id":1212977974,
"demand": [[0.020987,13.284], [0.020911,42.63], [0.020906,2.6], [0.020873,0.14], [0.020872,0.953]],
"supply": [[0.020993,6.069], [0.021035,40.412], [0.021064,7.127], [0.021065,0.11], [0.021066,0.085]],"timestamp":1589450978.425260,"currency":"ETHBTC"}]}
],"arbitrages_count": 2,"without_fees_count": 1604,"all_count": 250473}