{"arbitrage_stats":[{"score": 1.00020478,"supply_gain_index": [0, 0, 0],"demand_gain_index": [0, 0, 0],"supply_gain": 0.09480278277,"demand_gain": 0,"time_delta": 0.2563126,"pairs": [{"id":589148116,
"demand": [[0.0003563,544.13], [0.0003562,1.15], [0.0003561,364.47], [0.000356,1559.34], [0.0003559,114.49]],
"supply": [[0.0003565,1771.79], [0.0003582,300], [0.0003584,638.21], [0.0003585,14865.61], [0.0003586,583.63]],"timestamp":1587726324.468998,"currency":"EOSBTC"},{"id":284114188,
"demand": [[0.014402,462.95], [0.0144,1.48], [0.014399,0.89], [0.014395,4.34], [0.014392,15.89]],
"supply": [[0.014454,372.76], [0.014455,179.12], [0.014456,300], [0.014464,186.48], [0.014468,0.7]],"timestamp":1587726324.252231,"currency":"EOSETH"},{"id":1168812696,
"demand": [[0.024833,21.47], [0.024831,0.056], [0.02483,0.846], [0.024829,0.18], [0.024828,0.012]],
"supply": [[0.024836,12.578], [0.024839,31.201], [0.02484,169.123], [0.024841,2.44], [0.024842,48.266]],"timestamp":1587726323.760017,"currency":"ETHBTC"}]}
],"arbitrages_count": 1,"without_fees_count": 1475,"all_count": 239011}