{"arbitrage_stats":[{"score": 1.003613591,"supply_gain_index": [0, 0, 0],"demand_gain_index": [0, 0, 0],"supply_gain": 0,"demand_gain": 0.000314382389,"time_delta": 0.2871087999,"pairs": [{"id":215096815,
"demand": [[0.22755,0.432], [0.22622,0.223], [0.22621,0.05], [0.22607,5.4], [0.22606,0.404]],
"supply": [[0.22766,11.446], [0.22767,34.925], [0.22768,0.263], [0.22803,0.594], [0.22804,11.779]],"timestamp":1587651769.982850,"currency":"LTCETH"},{"id":116193342,
"demand": [[2.649,0.352], [2.648,0.136], [2.647,0.302], [2.646,27.588], [2.645,3.406]],
"supply": [[2.652,0.087], [2.665,6.42], [2.666,30], [2.667,10.951], [2.668,10.669]],"timestamp":1587651770.688026,"currency":"LTCBNB"},{"id":277359941,
"demand": [[0.084904,6.42], [0.084903,15.26], [0.084901,30.84], [0.084899,64.04], [0.084898,100.52]],
"supply": [[0.085238,1.19], [0.085245,1.11], [0.08525,0.22], [0.085253,0.28], [0.085278,0.37]],"timestamp":1587651770.552498,"currency":"BNBETH"}]}
],"arbitrages_count": 1,"without_fees_count": 322,"all_count": 208078}