{"arbitrage_stats":[{"score": 1.000091036,"supply_gain_index": [0, 0, 0],"demand_gain_index": [0, 0, 0],"supply_gain": 0,"demand_gain": 0.5212698841,"time_delta": 0.05578449997,"pairs": [{"id":507031691,
"demand": [[0.01497,572680.8], [0.01496,1446320.7], [0.01495,1343945.6], [0.01494,3435667.5], [0.01493,2680302.5]],
"supply": [[0.01498,227776.8], [0.01499,2374618.8], [0.015,2634917.1], [0.01501,1810226.4], [0.01502,2676938.6]],"timestamp":1589708295.514954,"currency":"TRXUSDT"},{"id":368859255,
"demand": [[1.56e-06,9269966], [1.55e-06,5934030], [1.54e-06,5563636], [1.53e-06,3436100], [1.52e-06,1968559]],
"supply": [[1.57e-06,5726], [1.58e-06,9121910], [1.59e-06,8277554], [1.6e-06,9292534], [1.61e-06,5707347]],"timestamp":1589708296.471647,"currency":"TRXBTC"},{"id":4011641903,
"demand": [[9504.5,3.185378], [9504.49,0.003727], [9504.35,0.231569], [9504.34,0.128706], [9504.27,3.234057]],
"supply": [[9505.59,0.190888], [9505.65,3.902103], [9505.83,0.205528], [9505.87,6.45], [9506.04,0.039051]],"timestamp":1589708295.712617,"currency":"BTCUSDT"}]}
],"arbitrages_count": 1,"without_fees_count": 971,"all_count": 252592}