{"arbitrage_stats":[{"score": 1.000209329,"supply_gain_index": [0, 0, 0],"demand_gain_index": [0, 0, 0],"supply_gain": 0,"demand_gain": 6.811595298,"time_delta": 0.6677611,"pairs": [{"id":386769372,
"demand": [[0.01972,32540.1], [0.01971,208839.1], [0.0197,140125.2], [0.01969,46194], [0.01968,119591.6]],
"supply": [[0.01976,65666.6], [0.01977,666.6], [0.01978,282692.9], [0.01983,23371.5], [0.01984,64000]],"timestamp":1582148994.465745,"currency":"TRXUSDT"},{"id":326188077,
"demand": [[2.08e-06,747796], [2.07e-06,1567362], [2.06e-06,2633472], [2.05e-06,5675160], [2.04e-06,4123190]],
"supply": [[2.09e-06,55673], [2.1e-06,186627], [2.11e-06,2519617], [2.12e-06,4436208], [2.13e-06,4097793]],"timestamp":1582148994.332864,"currency":"TRXBTC"},{"id":2149786789,
"demand": [[9400,0.039237], [9396.07,0.009418], [9395.89,0.102942], [9394.12,0.030816], [9393.35,0.607829]],
"supply": [[9405.16,28.95099], [9466.86,0.221863], [9466.87,0.002112], [9468.98,0.002112], [9489.84,0.5]],"timestamp":1582148994.653915,"currency":"BTCUSDT"}]}
],"arbitrages_count": 1,"without_fees_count": 1379,"all_count": 165542}