{"arbitrage_stats":[{"score": 1.003652792,"supply_gain_index": [0, 0, 0],"demand_gain_index": [0, 0, 0],"supply_gain": 0.3762375336,"demand_gain": 0,"time_delta": 0.2988097999,"pairs": [{"id":466538354,
"demand": [[0.01283,4420724.7], [0.01282,391090.9], [0.01281,80261.8], [0.0128,702563.8], [0.01279,187526.4]],
"supply": [[0.01284,222082.1], [0.01285,129173.9], [0.01289,182269.3], [0.0129,805219.2], [0.01291,225040.7]],"timestamp":1587303861.112818,"currency":"TRXUSDT"},{"id":357180574,
"demand": [[1.82e-06,103], [1.81e-06,8356952], [1.8e-06,8430700], [1.79e-06,6259721], [1.78e-06,4235831]],
"supply": [[1.83e-06,3018767], [1.84e-06,5523542], [1.85e-06,13818811], [1.86e-06,6257267], [1.87e-06,5369330]],"timestamp":1587303860.411771,"currency":"TRXBTC"},{"id":3390442822,
"demand": [[7102,4.154075], [7101.88,0.049578], [7101.85,0.001423], [7101.83,0.070404], [7101.75,0.355]],
"supply": [[7102.3,0.234479], [7102.74,0.042237], [7103.02,0.125791], [7103.07,0.177742], [7103.38,0.00474]],"timestamp":1587303860.533106,"currency":"BTCUSDT"}]}
],"arbitrages_count": 1,"without_fees_count": 634,"all_count": 252752}