{"arbitrage_stats":[{"score": 1.001007027,"supply_gain_index": [0, 0, 0],"demand_gain_index": [0, 0, 0],"supply_gain": 0,"demand_gain": 165.7282639,"time_delta": 0.3095906,"pairs": [{"id":423369933,
"demand": [[0.00992,164571.8], [0.00991,552117.9], [0.0099,687091], [0.00989,264852.8], [0.00988,5555]],
"supply": [[0.00994,36888], [0.00995,285464.5], [0.00996,408691.2], [0.00997,337301], [0.00998,1202412.9]],"timestamp":1584173360.394049,"currency":"TRXUSDT"},{"id":339337927,
"demand": [[1.85e-06,6427196], [1.84e-06,4886983], [1.83e-06,3640961], [1.82e-06,2485122], [1.81e-06,2496549]],
"supply": [[1.86e-06,232007], [1.87e-06,3977903], [1.88e-06,4419621], [1.89e-06,4983101], [1.9e-06,7614120]],"timestamp":1584173359.698552,"currency":"TRXBTC"},{"id":2620363122,
"demand": [[5310,38.612324], [5309.51,0.78], [5309.36,0.005], [5309.16,0.05], [5309,0.297744]],
"supply": [[5312,2.256409], [5314,1.376203], [5317,20.632995], [5318,2.210832], [5319.19,2.997]],"timestamp":1584173360.293202,"currency":"BTCUSDT"}]}
],"arbitrages_count": 2,"without_fees_count": 1039,"all_count": 257948}