{"arbitrage_stats":[{"score": 1.000857925,"supply_gain_index": [0, 0, 0],"demand_gain_index": [0, 0, 0],"supply_gain": 0,"demand_gain": 5.113409158,"time_delta": 0.5248377,"pairs": [{"id":411285600,
"demand": [[0.01745,97859.4], [0.01743,51871.8], [0.01742,96767], [0.01741,294288.3], [0.0174,6336.1]],
"supply": [[0.01746,67024.1], [0.01747,311135.7], [0.01748,288545.4], [0.01749,277667.4], [0.0175,1670218.8]],"timestamp":1583600474.697585,"currency":"TRXUSDT"},{"id":334716577,
"demand": [[1.95e-06,3314211], [1.94e-06,5176539], [1.93e-06,3219609], [1.92e-06,4440525], [1.91e-06,3277474]],
"supply": [[1.96e-06,993027], [1.97e-06,4245016], [1.98e-06,4705983], [1.99e-06,6505618], [2e-06,5940908]],"timestamp":1583600475.266011,"currency":"TRXBTC"},{"id":2453650559,
"demand": [[8860.3,0.205114], [8860.14,0.100975], [8860.07,0.00153], [8860.05,0.001215], [8860,5.948825]],
"supply": [[8868.77,0.011682], [8879,1.262197], [8879.99,1.714], [8880,5.10603], [8881.12,0.002144]],"timestamp":1583600475.027412,"currency":"BTCUSDT"}]}
],"arbitrages_count": 2,"without_fees_count": 1718,"all_count": 255206}