{"arbitrage_stats":[{"score": 1.001867857,"supply_gain_index": [0, 0, 4],"demand_gain_index": [0, 0, 0],"supply_gain": 108.1395531,"demand_gain": 0,"time_delta": 0.07042740006,"pairs": [{"id":388067298,
"demand": [[0.01926,10465.1], [0.01925,67788.5], [0.01924,20275], [0.01923,437520.6], [0.01922,647755.8]],
"supply": [[0.01928,84390.5], [0.01929,73998.9], [0.0193,144448.8], [0.01931,989642.1], [0.01932,1215348]],"timestamp":1582203976.768074,"currency":"TRXUSDT"},{"id":326521319,
"demand": [[2.03e-06,57895], [2.02e-06,455041], [2.01e-06,4787833], [2e-06,6710858], [1.99e-06,5302587]],
"supply": [[2.04e-06,6973839], [2.05e-06,2538411], [2.06e-06,2623871], [2.07e-06,2816859], [2.08e-06,3326097]],"timestamp":1582203977.699589,"currency":"TRXBTC"},{"id":2159767858,
"demand": [[9545.67,2e-06], [9545.66,0.087492], [9545.44,0.087185], [9544.27,0.035], [9543.88,0.5]],
"supply": [[9547.72,0.150211], [9547.74,0.502094], [9547.81,2], [9547.9,3.6], [9547.91,2]],"timestamp":1582203976.776777,"currency":"BTCUSDT"}]}
],"arbitrages_count": 1,"without_fees_count": 1201,"all_count": 203314}