{"arbitrage_stats":[{"score": 1.000169323,"supply_gain_index": [0, 0, 0],"demand_gain_index": [0, 0, 0],"supply_gain": 0,"demand_gain": 35.91788772,"time_delta": 0.1338864,"pairs": [{"id":454112368,
"demand": [[0.0137,466213], [0.01369,1748949], [0.01368,3029467], [0.01367,1199757.9], [0.01366,1086759]],
"supply": [[0.01371,142876], [0.01372,492022.3], [0.01373,1646385.2], [0.01374,2739165], [0.01375,2141149.8]],"timestamp":1586382122.449322,"currency":"TRXUSDT"},{"id":352877825,
"demand": [[1.86e-06,5438311], [1.85e-06,7639825], [1.84e-06,7390886], [1.83e-06,3390610], [1.82e-06,3083329]],
"supply": [[1.87e-06,212126], [1.88e-06,8759906], [1.89e-06,9092319], [1.9e-06,5382928], [1.91e-06,2811090]],"timestamp":1586382123.303707,"currency":"TRXBTC"},{"id":3198551317,
"demand": [[7301.76,0.107458], [7300.97,0.234683], [7300.03,0.010795], [7300.02,5.664423], [7300,5.784668]],
"supply": [[7303.01,0.776125], [7317.71,0.21], [7325.85,0.154357], [7325.86,0.154269], [7325.96,0.140348]],"timestamp":1586382123.108670,"currency":"BTCUSDT"}]}
],"arbitrages_count": 2,"without_fees_count": 454,"all_count": 256081}