{"arbitrage_stats":[{"score": 1.000064219,"supply_gain_index": [0, 0, 1],"demand_gain_index": [0, 0, 0],"supply_gain": 2.617251892,"demand_gain": 0,"time_delta": 0.04079520004,"pairs": [{"id":397875596,
"demand": [[0.01631,155019.5], [0.0163,563009], [0.01629,512571.5], [0.01628,568253.7], [0.01627,400510.4]],
"supply": [[0.01633,40754.8], [0.01634,131890.3], [0.01635,216640], [0.01636,79001], [0.01637,413535.8]],"timestamp":1582734641.348939,"currency":"TRXUSDT"},{"id":329498035,
"demand": [[1.84e-06,3006354], [1.83e-06,7181253], [1.82e-06,3770762], [1.81e-06,3016001], [1.8e-06,5086256]],
"supply": [[1.85e-06,3481064], [1.86e-06,3254589], [1.87e-06,2452638], [1.88e-06,2712795], [1.89e-06,4972697]],"timestamp":1582734641.668864,"currency":"TRXBTC"},{"id":2267301425,
"demand": [[8902.68,0.002245], [8902.25,0.403368], [8902.24,0.097684], [8902.2,0.1], [8901.67,0.5]],
"supply": [[8902.69,0.131002], [8904.81,0.5], [8904.86,0.6], [8905.2,0.5], [8905.27,5.2]],"timestamp":1582734640.727552,"currency":"BTCUSDT"}]}
],"arbitrages_count": 1,"without_fees_count": 846,"all_count": 133172}