{"arbitrage_stats":[{"score": 1.000087046,"supply_gain_index": [0, 0, 0],"demand_gain_index": [0, 0, 0],"supply_gain": 2.552722064,"demand_gain": 0,"time_delta": 0.269037,"pairs": [{"id":399793068,
"demand": [[0.0171,44186.3], [0.01709,22067.5], [0.01708,2203491.3], [0.01707,68282], [0.01706,289296.7]],
"supply": [[0.01712,29326.1], [0.01713,143470.4], [0.01714,203446], [0.01715,183965], [0.01716,240191.9]],"timestamp":1582818070.460259,"currency":"TRXUSDT"},{"id":330037176,
"demand": [[1.94e-06,788917], [1.93e-06,8573073], [1.92e-06,5396504], [1.91e-06,5531904], [1.9e-06,2548916]],
"supply": [[1.95e-06,7865892], [1.96e-06,9094208], [1.97e-06,9728269], [1.98e-06,6292273], [1.99e-06,3362156]],"timestamp":1582818069.730369,"currency":"TRXBTC"},{"id":2288755327,
"demand": [[8852.04,0.076859], [8852.03,0.094732], [8852.01,0.267868], [8851.99,0.098033], [8851.38,0.03375]],
"supply": [[8853.29,2.502259], [8853.34,0.068542], [8855.05,0.5], [8855.06,2.6], [8855.07,1.952172]],"timestamp":1582818070.441118,"currency":"BTCUSDT"}]}
],"arbitrages_count": 1,"without_fees_count": 1015,"all_count": 124982}