{"arbitrage_stats":[{"score": 1.000208474,"supply_gain_index": [0, 0, 0],"demand_gain_index": [0, 0, 0],"supply_gain": 0,"demand_gain": 2.344349106,"time_delta": 0.2161270999,"pairs": [{"id":405341137,
"demand": [[0.01706,11245.3], [0.01705,1032411.1], [0.01704,687900.4], [0.01703,1151815.7], [0.01702,1177931.8]],
"supply": [[0.01707,166281.7], [0.01708,211182.5], [0.01709,867922.2], [0.0171,1500435.8], [0.01711,1067660.7]],"timestamp":1583147259.170734,"currency":"TRXUSDT"},{"id":332210839,
"demand": [[1.94e-06,8357768], [1.93e-06,5618543], [1.92e-06,6884945], [1.91e-06,2412039], [1.9e-06,2391594]],
"supply": [[1.95e-06,33224], [1.96e-06,6127972], [1.97e-06,10970727], [1.98e-06,5381854], [1.99e-06,3191742]],"timestamp":1583147258.648062,"currency":"TRXBTC"},{"id":2360317579,
"demand": [[8717.45,0.027316], [8711.41,0.006042], [8709.4,0.02069], [8708.58,0.02534], [8706.55,0.021494]],
"supply": [[8720.68,2.611278], [8732.92,2.702], [8742.71,0.5], [8750.47,0.5], [8752.66,2.006852]],"timestamp":1583147258.393384,"currency":"BTCUSDT"}]}
],"arbitrages_count": 4,"without_fees_count": 422,"all_count": 140922}