{"arbitrage_stats":[{"score": 1.000029563,"supply_gain_index": [0, 0, 0],"demand_gain_index": [0, 0, 0],"supply_gain": 5.756950968,"demand_gain": 0,"time_delta": 0.2480584,"pairs": [{"id":452645236,
"demand": [[0.01329,133154.4], [0.01328,377027.6], [0.01327,103487.9], [0.01326,421882.9], [0.01325,145134.8]],
"supply": [[0.0133,194736.5], [0.01332,4415.2], [0.01334,1156913], [0.01335,464683.7], [0.01336,205477]],"timestamp":1586290425.557027,"currency":"TRXUSDT"},{"id":352364696,
"demand": [[1.87e-06,3526652], [1.86e-06,5983395], [1.85e-06,5298371], [1.84e-06,4986926], [1.83e-06,3331578]],
"supply": [[1.88e-06,1883708], [1.89e-06,4723470], [1.9e-06,5781722], [1.91e-06,5794054], [1.92e-06,4827882]],"timestamp":1586290424.732060,"currency":"TRXBTC"},{"id":3174361705,
"demand": [[7133.89,4.547338], [7133.8,0.172953], [7133.53,1.905023], [7133.52,4], [7132.82,0.009453]],
"supply": [[7133.9,0.001481], [7134.68,0.017294], [7134.86,0.145162], [7134.87,0.003], [7136,0.05]],"timestamp":1586290424.809391,"currency":"BTCUSDT"}]}
],"arbitrages_count": 1,"without_fees_count": 925,"all_count": 257245}