{"arbitrage_stats":[{"score": 1.000574836,"supply_gain_index": [1, 0, 3],"demand_gain_index": [0, 0, 0],"supply_gain": 228.2303801,"demand_gain": 0,"time_delta": 0.1002524,"pairs": [{"id":424703580,
"demand": [[0.01016,163542.4], [0.01015,745922.9], [0.01014,1619450.2], [0.01013,2612709.3], [0.01012,953942.8]],
"supply": [[0.01017,8794.1], [0.01018,694274.8], [0.01019,1479346.8], [0.0102,1978081], [0.01021,1152197.4]],"timestamp":1584272229.810209,"currency":"TRXUSDT"},{"id":340082355,
"demand": [[1.89e-06,1879119], [1.88e-06,394631], [1.87e-06,3192368], [1.86e-06,5131038], [1.85e-06,8370376]],
"supply": [[1.9e-06,6911054], [1.91e-06,6646569], [1.92e-06,3666562], [1.93e-06,4307356], [1.94e-06,3662536]],"timestamp":1584272230.713612,"currency":"TRXBTC"},{"id":2649052896,
"demand": [[5406.12,0.325022], [5406,0.003696], [5405.69,0.5], [5405.54,0.747719], [5405.39,0.042]],
"supply": [[5408.47,0.134054], [5408.53,2.3], [5408.57,0.0555], [5408.59,0.15225], [5409.48,0.5]],"timestamp":1584272230.629752,"currency":"BTCUSDT"}]}
],"arbitrages_count": 1,"without_fees_count": 1002,"all_count": 255472}