{"arbitrage_stats":[{"score": 1.000687101,"supply_gain_index": [0, 0, 0],"demand_gain_index": [0, 0, 0],"supply_gain": 0,"demand_gain": 49.33615331,"time_delta": 0.004368699971,"pairs": [{"id":450545379,
"demand": [[0.01297,71803.3], [0.01296,1036589.9], [0.01295,804190.4], [0.01294,1852874.7], [0.01293,1769129.1]],
"supply": [[0.01298,1244987.2], [0.01299,1318354.3], [0.013,2068839.7], [0.01301,1721655.5], [0.01302,1546866.9]],"timestamp":1586157464.269451,"currency":"TRXUSDT"},{"id":351502869,
"demand": [[1.84e-06,5628827], [1.83e-06,8018541], [1.82e-06,7793765], [1.81e-06,3884415], [1.8e-06,4857595]],
"supply": [[1.85e-06,3099810], [1.86e-06,5275875], [1.87e-06,4228725], [1.88e-06,5512687], [1.89e-06,2138814]],"timestamp":1586157463.185461,"currency":"TRXBTC"},{"id":3139659430,
"demand": [[6977.66,8.475727], [6977.61,0.011846], [6977.43,0.008706], [6977,0.016045], [6976.95,0.002388]],
"supply": [[6985,57.827517], [6985.13,0.180326], [6988,0.695201], [6989,6.451906], [6989.9,1.179189]],"timestamp":1586157463.656860,"currency":"BTCUSDT"}]}
],"arbitrages_count": 2,"without_fees_count": 1083,"all_count": 256969}