{"arbitrage_stats":[{"score": 1.000456766,"supply_gain_index": [2, 0, 1],"demand_gain_index": [0, 0, 0],"supply_gain": 46.4763155,"demand_gain": 0,"time_delta": 0.01014230005,"pairs": [{"id":255933455,
"demand": [[7.728e-05,374], [7.727e-05,208], [7.723e-05,50970], [7.722e-05,440], [7.72e-05,101935]],
"supply": [[7.73e-05,4332], [7.731e-05,50972], [7.732e-05,101909], [7.733e-05,101933], [7.737e-05,204927]],"timestamp":1588113956.763420,"currency":"TRXETH"},{"id":87118085,
"demand": [[0.000936,227792], [0.00093,7729], [0.000929,39659], [0.000928,154735], [0.000927,11690]],
"supply": [[0.000937,130192], [0.000938,62059], [0.000939,151779], [0.00094,531425], [0.000941,67810]],"timestamp":1588113956.740553,"currency":"TRXBNB"},{"id":279353702,
"demand": [[0.082894,21.33], [0.082893,94.91], [0.082884,10.66], [0.08288,75], [0.082878,53.29]],
"supply": [[0.083012,94.93], [0.083013,6.42], [0.083014,15.13], [0.083017,4.42], [0.083021,2.62]],"timestamp":1588113957.729895,"currency":"BNBETH"}]}
],"arbitrages_count": 3,"without_fees_count": 1301,"all_count": 199259}