{"arbitrage_stats":[{"score": 1.000505265,"supply_gain_index": [0, 0, 0],"demand_gain_index": [0, 0, 0],"supply_gain": 0,"demand_gain": 0.005557910687,"time_delta": 0.4232988,"pairs": [{"id":232690171,
"demand": [[6.842e-05,11], [6.785e-05,15291], [6.784e-05,56348], [6.783e-05,55635], [6.777e-05,2247]],
"supply": [[6.848e-05,34831], [6.849e-05,13628], [6.863e-05,339], [6.881e-05,818], [6.885e-05,661]],"timestamp":1582682503.899549,"currency":"TRXETH"},{"id":75685495,
"demand": [[0.000837,179], [0.000836,8249], [0.000834,31043], [0.000833,9818], [0.000832,4294]],
"supply": [[0.000839,2588], [0.00084,8708], [0.000841,3939], [0.000842,6083], [0.000844,100157]],"timestamp":1582682504.476604,"currency":"TRXBNB"},{"id":252355988,
"demand": [[0.0812,328.39], [0.081187,0.8], [0.081155,66], [0.081152,0.26], [0.081148,0.13]],
"supply": [[0.081264,0.24], [0.081286,17.12], [0.081297,10.19], [0.081371,8.08], [0.08142,19.05]],"timestamp":1582682504.442970,"currency":"BNBETH"}]}
],"arbitrages_count": 1,"without_fees_count": 890,"all_count": 125325}