{"arbitrage_stats":[{"score": 1.000417537,"supply_gain_index": [0, 0, 0],"demand_gain_index": [0, 0, 0],"supply_gain": 0,"demand_gain": 0.01252610857,"time_delta": 0.4512857001,"pairs": [{"id":844680565,
"demand": [[34.47,62.25674], [34.46,69.65532], [34.45,273.13969], [34.44,140.57948], [34.43,24.93436]],
"supply": [[34.49,127.01744], [34.5,11.29754], [34.51,59.65281], [34.52,79.92982], [34.53,74.49906]],"timestamp":1584489306.998823,"currency":"LTCUSDT"},{"id":597833801,
"demand": [[0.006416,37.78], [0.006415,210], [0.006414,30], [0.006413,3.84], [0.006412,30.25]],
"supply": [[0.006421,30], [0.006422,7.78], [0.006423,65.48], [0.006425,34.56], [0.006426,37.7]],"timestamp":1584489306.898954,"currency":"LTCBTC"},{"id":2720240744,
"demand": [[5349.6,5.180256], [5349.34,2.141372], [5349.19,0.00187], [5349.13,0.043686], [5349,0.233467]],
"supply": [[5350,1.316742], [5351,0.200528], [5352.8,0.085209], [5354,0.219893], [5355,0.748193]],"timestamp":1584489307.454786,"currency":"BTCUSDT"}]}
],"arbitrages_count": 1,"without_fees_count": 18137,"all_count": 258737}