{"arbitrage_stats":[{"score": 1.000748199,"supply_gain_index": [0, 0, 0],"demand_gain_index": [0, 0, 2],"supply_gain": 0,"demand_gain": 0.002268536573,"time_delta": 0.1970403,"pairs": [{"id":904084024,
"demand": [[37.7,13.39349], [37.69,264.40106], [37.66,445], [37.64,120.95112], [37.63,20.4]],
"supply": [[37.74,8.34364], [37.75,148.69952], [37.76,19.79724], [37.77,47.29121], [37.78,43.93476]],"timestamp":1585745697.527432,"currency":"LTCUSDT"},{"id":616538116,
"demand": [[0.006026,475], [0.006025,13.83], [0.006024,46.81], [0.006023,181.87], [0.006022,58.81]],
"supply": [[0.006032,18.35], [0.006033,30.84], [0.006035,27.76], [0.006036,36.24], [0.006037,3.04]],"timestamp":1585745696.725986,"currency":"LTCBTC"},{"id":3038979165,
"demand": [[6225.68,0.053372], [6225.66,3.753372], [6225.64,4], [6225.6,0.168883], [6225.58,0.3]],
"supply": [[6226.09,4e-06], [6226.25,0.006422], [6226.61,0.018289], [6226.87,0.002397], [6227.01,0.002397]],"timestamp":1585745696.825590,"currency":"BTCUSDT"}]}
],"arbitrages_count": 1,"without_fees_count": 16452,"all_count": 257285}