{"arbitrage_stats":[{"score": 1.000738422,"supply_gain_index": [0, 0, 0],"demand_gain_index": [0, 0, 0],"supply_gain": 0.001783105559,"demand_gain": 0,"time_delta": 0.1382376001,"pairs": [{"id":799819660,
"demand": [[51.42,9.63424], [51.41,56.19022], [51.4,6.7761], [51.39,8.6], [51.38,12.40764]],
"supply": [[51.43,2.41475], [51.45,0.38872], [51.48,36.05727], [51.49,5.34549], [51.51,23.79999]],"timestamp":1583684280.594568,"currency":"LTCUSDT"},{"id":584803050,
"demand": [[0.006246,7.24], [0.006243,6.73], [0.006242,9.37], [0.006241,98.26], [0.00624,41.14]],
"supply": [[0.006249,0.53], [0.00625,29.01], [0.006251,6.56], [0.006254,6], [0.006255,14.79]],"timestamp":1583684281.506546,"currency":"LTCBTC"},{"id":2471204815,
"demand": [[8264.92,0.032241], [8264.88,0.280818], [8264.8,0.123805], [8264.74,0.061394], [8255.26,0.071118]],
"supply": [[8265.98,0.176523], [8266.05,0.158117], [8267.4,0.001272], [8276.98,0.07], [8280.7,0.0679]],"timestamp":1583684281.506903,"currency":"BTCUSDT"}]}
],"arbitrages_count": 1,"without_fees_count": 16225,"all_count": 258345}