{"arbitrage_stats":[{"score": 1.000041462,"supply_gain_index": [0, 0, 0],"demand_gain_index": [0, 0, 0],"supply_gain": 0.000236506734,"demand_gain": 0,"time_delta": 0.3096868,"pairs": [{"id":901247151,
"demand": [[38.9,5.72932], [38.89,42.63319], [38.88,110.34437], [38.87,45.37801], [38.86,104.03772]],
"supply": [[38.91,5.70413], [38.92,178.63729], [38.93,82.17562], [38.94,322.00098], [38.95,216.25776]],"timestamp":1585664741.059784,"currency":"LTCUSDT"},{"id":615720591,
"demand": [[0.006022,37.56], [0.006021,67.58], [0.00602,189.83], [0.006019,176.12], [0.006018,50.7]],
"supply": [[0.006026,30], [0.006027,40.92], [0.006028,23.2], [0.006029,62.57], [0.00603,76.83]],"timestamp":1585664740.679667,"currency":"LTCBTC"},{"id":3023298074,
"demand": [[6481,0.471092], [6480.1,1], [6480,39.623609], [6472,1.414859], [6469,0.038536]],
"supply": [[6482,0.03], [6484.94,1.000029], [6484.95,9.877434], [6484.97,20], [6484.98,0.002729]],"timestamp":1585664740.509103,"currency":"BTCUSDT"}]}
],"arbitrages_count": 3,"without_fees_count": 15656,"all_count": 257034}