{"arbitrage_stats":[{"score": 1.000009366,"supply_gain_index": [0, 0, 0],"demand_gain_index": [0, 0, 0],"supply_gain": 0,"demand_gain": 1.245660727e-05,"time_delta": 0.7435638,"pairs": [{"id":932745655,
"demand": [[46.47,54.21963], [46.46,46.8226], [46.45,63.13], [46.44,115.1452], [46.43,101.8664]],
"supply": [[46.48,0.92], [46.49,119.59082], [46.5,214.04774], [46.51,184.605], [46.52,138.82717]],"timestamp":1586382123.287963,"currency":"LTCUSDT"},{"id":624739937,
"demand": [[0.00634,150], [0.006339,100.9], [0.006337,5.97], [0.006336,57.78], [0.006333,149.66]],
"supply": [[0.006344,1.33], [0.006345,6.73], [0.006346,136.7], [0.006347,31.84], [0.006348,2.24]],"timestamp":1586382123.371641,"currency":"LTCBTC"},{"id":3198551317,
"demand": [[7301.76,0.107458], [7300.97,0.234683], [7300.03,0.010795], [7300.02,5.664423], [7300,5.784668]],
"supply": [[7303.01,0.776125], [7317.71,0.21], [7325.85,0.154357], [7325.86,0.154269], [7325.96,0.140348]],"timestamp":1586382123.108670,"currency":"BTCUSDT"}]}
],"arbitrages_count": 3,"without_fees_count": 19390,"all_count": 258350}