{"arbitrage_stats":[{"score": 1.000001248,"supply_gain_index": [0, 0, 0],"demand_gain_index": [0, 0, 0],"supply_gain": 9.735890848e-07,"demand_gain": 0,"time_delta": 0.1491072,"pairs": [{"id":868338051,
"demand": [[36.4,141.69062], [36.39,170.19934], [36.38,122.762], [36.37,92.3709], [36.36,66.9984]],
"supply": [[36.42,4.33], [36.43,9.19415], [36.44,108.23271], [36.45,103.44364], [36.46,63.59911]],"timestamp":1584961264.541991,"currency":"LTCUSDT"},{"id":606113217,
"demand": [[0.006198,9.48], [0.006197,0.14], [0.006196,0.1], [0.006194,5.07], [0.006193,44.26]],
"supply": [[0.0062,3.67], [0.006201,30], [0.006202,65.92], [0.006203,74.06], [0.006205,59.88]],"timestamp":1584961265.395966,"currency":"LTCBTC"},{"id":2862571167,
"demand": [[5893.76,0.00482], [5879.07,0.218789], [5879.04,3.233631], [5879.02,1.4], [5879.01,0.3014]],
"supply": [[5895,5.710575], [5895.08,0.006], [5895.11,0.034319], [5895.18,0.03891], [5895.34,0.02309]],"timestamp":1584961264.891728,"currency":"BTCUSDT"}]}
],"arbitrages_count": 1,"without_fees_count": 21139,"all_count": 258800}