{"arbitrage_stats":[{"score": 1.000652077,"supply_gain_index": [0, 0, 0],"demand_gain_index": [0, 0, 0],"supply_gain": 0.01913194149,"demand_gain": 0,"time_delta": 0.6010635,"pairs": [{"id":937198877,
"demand": [[44.4,291.65119], [44.39,68.62721], [44.38,0.79802], [44.37,0.47008], [44.36,0.51397]],
"supply": [[44.45,938.80813], [44.46,6532.46733], [44.5,52.76331], [44.52,14.86797], [44.57,0.33655]],"timestamp":1586491479.377824,"currency":"LTCUSDT"},{"id":625995369,
"demand": [[0.006265,29.34], [0.006264,6.05], [0.006263,6.95], [0.006262,3.27], [0.006261,14.95]],
"supply": [[0.006268,96.82], [0.00627,10.9], [0.006271,29.92], [0.006272,0.6], [0.006273,3.85]],"timestamp":1586491478.978002,"currency":"LTCBTC"},{"id":3223806625,
"demand": [[7120.94,0.280861], [7120,54.512887], [7119.98,0.001545], [7119.97,0.002151], [7119.91,0.00165]],
"supply": [[7123.3,0.076844], [7124,0.126952], [7124.34,0.01], [7124.68,2.737251], [7128.39,2.7857]],"timestamp":1586491479.292489,"currency":"BTCUSDT"}]}
],"arbitrages_count": 1,"without_fees_count": 17769,"all_count": 258129}