{"arbitrage_stats":[{"score": 1.000826912,"supply_gain_index": [0, 0, 0],"demand_gain_index": [3, 0, 0],"supply_gain": 0,"demand_gain": 0.1196117564,"time_delta": 0.1518980999,"pairs": [{"id":969934753,
"demand": [[41.95,60.41358], [41.94,49.30934], [41.93,4.8], [41.92,144.64867], [41.91,190.24239]],
"supply": [[41.96,76.69714], [41.97,20.10633], [41.98,147.23881], [41.99,44.8], [42,76.67471]],"timestamp":1587378749.994912,"currency":"LTCUSDT"},{"id":635492351,
"demand": [[0.005946,23.17], [0.005945,26.06], [0.005944,173.04], [0.005943,4.58], [0.005942,33.49]],
"supply": [[0.005947,230.04], [0.005948,34.01], [0.005949,3.21], [0.00595,120], [0.005952,31]],"timestamp":1587378749.518409,"currency":"LTCBTC"},{"id":3403853726,
"demand": [[7017,0.803068], [7016,0.489591], [7015,13.238036], [7014.89,0.019591], [7014.79,0.043368]],
"supply": [[7022,0.875807], [7023,0.007067], [7024,2.690157], [7024.9,0.061499], [7025,3.265439]],"timestamp":1587378749.266328,"currency":"BTCUSDT"}]}
],"arbitrages_count": 3,"without_fees_count": 16981,"all_count": 255383}