{"arbitrage_stats":[{"score": 1.000096387,"supply_gain_index": [0, 0, 0],"demand_gain_index": [0, 0, 0],"supply_gain": 1.927747673e-06,"demand_gain": 0,"time_delta": 0.4115895,"pairs": [{"id":967634260,
"demand": [[41.66,2.38635], [41.63,36.38], [41.62,52.75382], [41.61,128.11864], [41.6,182.77487]],
"supply": [[41.68,3.68747], [41.69,3.25302], [41.7,80.49442], [41.72,15], [41.74,11.98753]],"timestamp":1587305080.420192,"currency":"LTCUSDT"},{"id":634876589,
"demand": [[0.005922,0.02], [0.005917,23.75], [0.005916,45], [0.005915,163.69], [0.005914,69.5]],
"supply": [[0.005923,30], [0.005924,17.24], [0.005925,3.95], [0.005927,29.51], [0.005928,292.27]],"timestamp":1587305079.869539,"currency":"LTCBTC"},{"id":3390787639,
"demand": [[7060,3.960374], [7059.92,0.002833], [7059.91,0.001552], [7059.82,0.00425], [7059.79,0.001749]],
"supply": [[7060.01,6.114083], [7060.02,0.114], [7060.03,0.21372], [7060.04,0.17799], [7060.06,0.272802]],"timestamp":1587305079.823484,"currency":"BTCUSDT"}]}
],"arbitrages_count": 1,"without_fees_count": 15401,"all_count": 254469}