{"arbitrage_stats":[{"score": 1.000347974,"supply_gain_index": [0, 1, 1],"demand_gain_index": [0, 0, 0],"supply_gain": 0.03233022441,"demand_gain": 0,"time_delta": 0.3530104,"pairs": [{"id":976533008,
"demand": [[41.21,498.21011], [41.2,87.2904], [41.19,89.95844], [41.18,16.50687], [41.16,0.44159]],
"supply": [[41.22,2276.65124], [41.24,105.53216], [41.26,2.72888], [41.29,1.69779], [41.32,105.74958]],"timestamp":1587561663.822151,"currency":"LTCUSDT"},{"id":637398992,
"demand": [[0.005889,0.53], [0.005887,92.91], [0.005886,135.59], [0.005885,30], [0.005884,30.86]],
"supply": [[0.00589,5.13], [0.005891,28.27], [0.005892,5.59], [0.005893,29.98], [0.005894,30.81]],"timestamp":1587561663.159927,"currency":"LTCBTC"},{"id":3441437296,
"demand": [[7025.66,0.324311], [7025.36,1.000024], [7025.35,0.0788], [7025.34,0.253099], [7025.32,5.332]],
"supply": [[7030.62,1], [7030.86,0.012874], [7030.94,0.012874], [7031,1.118225], [7031.01,0.257793]],"timestamp":1587561663.429414,"currency":"BTCUSDT"}]}
],"arbitrages_count": 1,"without_fees_count": 20843,"all_count": 252999}