{"arbitrage_stats":[{"score": 1.000037251,"supply_gain_index": [0, 0, 0],"demand_gain_index": [0, 0, 0],"supply_gain": 0,"demand_gain": 7.450152262e-06,"time_delta": 0.4131126,"pairs": [{"id":239783297,
"demand": [[7.698e-05,1], [7.695e-05,14306], [7.691e-05,53321], [7.684e-05,123264], [7.683e-05,33400]],
"supply": [[7.711e-05,61133], [7.712e-05,30388], [7.713e-05,3526], [7.719e-05,1612], [7.722e-05,276]],"timestamp":1584150590.427508,"currency":"TRXETH"},{"id":63573421,
"demand": [[0.06491,216790.6], [0.0649,23171], [0.06489,49091.8], [0.06488,3105.3], [0.06479,8582.1]],
"supply": [[0.06528,0.2], [0.06534,701.7], [0.06572,830.9], [0.06573,584.6], [0.06575,724.2]],"timestamp":1584150589.854532,"currency":"TRXXRP"},{"id":293681671,
"demand": [[0.00117347,170], [0.00117193,150], [0.00117191,758], [0.0011719,2178], [0.0011718,205]],
"supply": [[0.00117565,13610], [0.00117566,1498], [0.0011757,758], [0.00117594,6987], [0.00117611,670]],"timestamp":1584150590.430816,"currency":"XRPETH"}]}
],"arbitrages_count": 3,"without_fees_count": 1353,"all_count": 230863}