{"arbitrage_stats":[{"score": 1.000882047,"supply_gain_index": [0, 0, 0],"demand_gain_index": [0, 0, 0],"supply_gain": 0,"demand_gain": 15.76129492,"time_delta": 0.3035097,"pairs": [{"id":243538474,
"demand": [[8.477e-05,17869], [8.475e-05,740], [8.473e-05,321], [8.47e-05,7035], [8.469e-05,405]],
"supply": [[8.499e-05,38306], [8.5e-05,8974], [8.502e-05,47265], [8.504e-05,14296], [8.511e-05,235]],"timestamp":1584884646.409455,"currency":"TRXETH"},{"id":64803916,
"demand": [[0.07058,33928.1], [0.07057,11139.8], [0.07056,1602.9], [0.07055,383.1], [0.07053,500]],
"supply": [[0.07067,27159], [0.07109,154415.2], [0.0711,200], [0.07115,423.2], [0.07119,300]],"timestamp":1584884646.917413,"currency":"TRXXRP"},{"id":298345489,
"demand": [[0.00119286,1391], [0.00119285,320], [0.00119223,98], [0.00119219,118], [0.001192,17]],
"supply": [[0.00119487,2033], [0.00119488,1169], [0.00119489,7875], [0.00119505,11809], [0.00119534,1119]],"timestamp":1584884647.086029,"currency":"XRPETH"}]}
],"arbitrages_count": 2,"without_fees_count": 768,"all_count": 208006}