{"arbitrage_stats":[{"score": 1.000292655,"supply_gain_index": [0, 0, 0],"demand_gain_index": [0, 0, 0],"supply_gain": 2.926547657e-05,"demand_gain": 0,"time_delta": 0.3439889,"pairs": [{"id":245180584,
"demand": [[8.594e-05,6387], [8.593e-05,13375], [8.583e-05,124321], [8.581e-05,14699], [8.58e-05,122]],
"supply": [[8.606e-05,1726], [8.612e-05,68304], [8.613e-05,6386], [8.614e-05,105953], [8.615e-05,2327]],"timestamp":1585264062.579285,"currency":"TRXETH"},{"id":65160728,
"demand": [[0.06732,0.1], [0.06715,0.3], [0.06714,10039.7], [0.06713,200], [0.06712,734]],
"supply": [[0.06738,42444.8], [0.06739,101260], [0.0674,11618.4], [0.06741,226.8], [0.06743,0.1]],"timestamp":1585264063.071368,"currency":"TRXXRP"},{"id":300479489,
"demand": [[0.00128259,83], [0.00127777,2772], [0.00127775,1113], [0.00127774,5652], [0.00127771,11488]],
"supply": [[0.00128321,360], [0.00128333,8], [0.0012834,16], [0.00128357,50], [0.00128367,10]],"timestamp":1585264062.415775,"currency":"XRPETH"}]}
],"arbitrages_count": 7,"without_fees_count": 2047,"all_count": 202993}