{"arbitrage_stats":[{"score": 1.000567685,"supply_gain_index": [0, 2, 0],"demand_gain_index": [0, 0, 0],"supply_gain": 0.4331434968,"demand_gain": 0,"time_delta": 0.5729578,"pairs": [{"id":249909758,
"demand": [[7.841e-05,28579], [7.84e-05,2187], [7.839e-05,3732], [7.837e-05,176], [7.831e-05,338]],
"supply": [[7.85e-05,763], [7.869e-05,2113], [7.871e-05,1796], [7.876e-05,7484], [7.878e-05,12221]],"timestamp":1586494893.160826,"currency":"TRXETH"},{"id":66909944,
"demand": [[0.06615,260], [0.06614,188.6], [0.06613,1098.1], [0.0661,300], [0.06606,628.2]],
"supply": [[0.06641,75000], [0.06642,188.9], [0.06645,1095.4], [0.06646,254.8], [0.06648,194.7]],"timestamp":1586494892.726925,"currency":"TRXXRP"},{"id":307038584,
"demand": [[0.0011913,703], [0.0011879,753], [0.0011873,331], [0.00118682,78], [0.0011867,121]],
"supply": [[0.00119131,8163], [0.00119133,102], [0.00119158,17], [0.0011916,23], [0.00119219,154]],"timestamp":1586494892.799811,"currency":"XRPETH"}]}
],"arbitrages_count": 1,"without_fees_count": 1732,"all_count": 205242}