{"arbitrage_stats":[{"score": 1.000385708,"supply_gain_index": [0, 0, 0],"demand_gain_index": [0, 0, 0],"supply_gain": 0,"demand_gain": 9.789702464,"time_delta": 0.3740269999,"pairs": [{"id":254841806,
"demand": [[7.494e-05,53259], [7.493e-05,106478], [7.492e-05,53240], [7.491e-05,111409], [7.49e-05,85311]],
"supply": [[7.498e-05,100000], [7.5e-05,18469], [7.501e-05,500], [7.505e-05,200], [7.506e-05,53523]],"timestamp":1587752890.024305,"currency":"TRXETH"},{"id":67987361,
"demand": [[0.07254,10930.4], [0.07253,28959.5], [0.07252,731.6], [0.07248,36187.3], [0.07246,9479.7]],
"supply": [[0.07255,25381.1], [0.0729,881.5], [0.073,6325.6], [0.07301,200], [0.07303,1159.3]],"timestamp":1587752890.013792,"currency":"TRXXRP"},{"id":312973188,
"demand": [[0.00102772,3881], [0.0010277,5175], [0.00102769,3880], [0.00102767,3883], [0.00102766,11367]],
"supply": [[0.00102945,8809], [0.0010295,6054], [0.00102964,7761], [0.00102965,7762], [0.00102966,7786]],"timestamp":1587752890.639715,"currency":"XRPETH"}]}
],"arbitrages_count": 3,"without_fees_count": 2210,"all_count": 197317}