{"arbitrage_stats":[{"score": 1.000831656,"supply_gain_index": [0, 0, 0],"demand_gain_index": [0, 0, 0],"supply_gain": 0,"demand_gain": 0.1470950709,"time_delta": 0.2485769,"pairs": [{"id":1114395097,
"demand": [[2.4478,292.47], [2.4475,601], [2.4472,677.57], [2.4468,600], [2.4466,59.89]],
"supply": [[2.4495,219.32], [2.4496,600], [2.4497,8.13], [2.4498,670.87], [2.4507,600]],"timestamp":1585847185.618145,"currency":"EOSUSDT"},{"id":572003582,
"demand": [[0.000343,98.15], [0.0003428,1201.26], [0.0003427,3302.54], [0.0003426,4376.05], [0.0003425,44.53]],
"supply": [[0.0003432,176.87], [0.0003434,1867.65], [0.0003435,824.39], [0.0003436,502.27], [0.0003437,450]],"timestamp":1585847185.898664,"currency":"EOSBTC"},{"id":3063326641,
"demand": [[7100,11.309432], [7099.57,0.00205], [7099.21,0.002347], [7098.89,0.002347], [7098.36,0.003843]],
"supply": [[7105,3.212791], [7110,2.347238], [7120.02,0.265038], [7127.07,0.107851], [7127.08,0.107783]],"timestamp":1585847186.322970,"currency":"BTCUSDT"}]}
],"arbitrages_count": 1,"without_fees_count": 16195,"all_count": 255581}