{"arbitrage_stats":[{"score": 1.000070837,"supply_gain_index": [0, 0, 0],"demand_gain_index": [0, 0, 0],"supply_gain": 0,"demand_gain": 0.002897228369,"time_delta": 0.1019974001,"pairs": [{"id":1139292181,
"demand": [[2.7368,40.9], [2.7365,949.73], [2.7363,315], [2.7361,175.56], [2.736,1265.4]],
"supply": [[2.7385,17.72], [2.7386,561.19], [2.7388,198.19], [2.7389,262.22], [2.739,725.02]],"timestamp":1586382122.208224,"currency":"EOSUSDT"},{"id":577678613,
"demand": [[0.0003735,0.32], [0.0003734,550.18], [0.0003733,1121.25], [0.0003732,2867.64], [0.0003731,1142.12]],
"supply": [[0.0003736,42.13], [0.0003737,160.59], [0.0003738,1714.99], [0.0003739,370.45], [0.000374,565.77]],"timestamp":1586382123.049696,"currency":"EOSBTC"},{"id":3198551317,
"demand": [[7301.76,0.107458], [7300.97,0.234683], [7300.03,0.010795], [7300.02,5.664423], [7300,5.784668]],
"supply": [[7303.01,0.776125], [7317.71,0.21], [7325.85,0.154357], [7325.86,0.154269], [7325.96,0.140348]],"timestamp":1586382123.108670,"currency":"BTCUSDT"}]}
],"arbitrages_count": 1,"without_fees_count": 15871,"all_count": 257111}