{"arbitrage_stats":[{"score": 1.001073298,"supply_gain_index": [0, 0, 0],"demand_gain_index": [0, 2, 2],"supply_gain": 0,"demand_gain": 6.691145706,"time_delta": 0.401248,"pairs": [{"id":1168116115,
"demand": [[2.5343,13048.45], [2.52,195.58], [2.5198,296.4], [2.5194,1729.95], [2.5191,9506.94]],
"supply": [[2.5346,10], [2.5352,7.1], [2.5354,127.19], [2.5359,600], [2.536,7]],"timestamp":1587021017.091397,"currency":"EOSUSDT"},{"id":583113125,
"demand": [[0.0003692,804.27], [0.0003691,490.56], [0.000369,2302.36], [0.0003689,600], [0.0003687,1480]],
"supply": [[0.0003698,109.67], [0.0003699,154.17], [0.00037,6234.19], [0.0003701,2631.86], [0.0003702,16.6]],"timestamp":1587021016.483334,"currency":"EOSBTC"},{"id":3332783236,
"demand": [[6816.89,0.206251], [6816.86,0.29339], [6816.52,0.408], [6816.32,0.284745], [6816.3,0.00176]],
"supply": [[6820.84,1], [6821.52,0.988002], [6821.61,3.99495], [6821.7,0.181421], [6821.73,0.349443]],"timestamp":1587021016.789212,"currency":"BTCUSDT"}]}
],"arbitrages_count": 1,"without_fees_count": 14657,"all_count": 256057}