{"arbitrage_stats":[{"score": 1.000058993,"supply_gain_index": [0, 0, 0],"demand_gain_index": [0, 0, 0],"supply_gain": 0.01355595951,"demand_gain": 0,"time_delta": 0.4420521001,"pairs": [{"id":1133107261,
"demand": [[2.744,483.64], [2.7439,226.52], [2.7438,192.6], [2.7435,468.06], [2.7434,659.12]],
"supply": [[2.7447,229.79], [2.7448,98.68], [2.7452,50], [2.7458,300], [2.746,287.63]],"timestamp":1586263235.811144,"currency":"EOSUSDT"},{"id":576207148,
"demand": [[0.000373,306], [0.0003729,398.64], [0.0003728,600], [0.0003727,2600], [0.0003726,469.53]],
"supply": [[0.0003732,386.62], [0.0003733,627.32], [0.0003734,536.31], [0.0003735,569.56], [0.0003736,3224.63]],"timestamp":1586263235.519339,"currency":"EOSBTC"},{"id":3167139153,
"demand": [[7381,0.339715], [7367,0.0135], [7365,0.015672], [7360,0.044226], [7354.69,0.165903]],
"supply": [[7381.7,0.029133], [7385.99,1.000007], [7386,1.126949], [7386.09,0.001541], [7386.2,0.001472]],"timestamp":1586263236.094493,"currency":"BTCUSDT"}]}
],"arbitrages_count": 1,"without_fees_count": 13639,"all_count": 257789}