{"arbitrage_stats":[{"score": 1.000001916,"supply_gain_index": [0, 0, 0],"demand_gain_index": [0, 0, 0],"supply_gain": 0,"demand_gain": 2.744062788e-05,"time_delta": 0.1076672,"pairs": [{"id":1289806236,
"demand": [[2.4621,14.32], [2.4613,520], [2.4611,243.83], [2.4608,278.72], [2.4605,52.53]],
"supply": [[2.4622,66.39], [2.4634,198.53], [2.4635,89.86], [2.4638,1200], [2.464,7340]],"timestamp":1589293064.241822,"currency":"EOSUSDT"},{"id":604014739,
"demand": [[0.0002766,383.55], [0.0002765,180.51], [0.0002762,83.5], [0.0002759,180.9], [0.0002758,3260.97]],
"supply": [[0.0002767,235.17], [0.0002774,1341.93], [0.0002775,242.89], [0.0002776,8653.78], [0.0002777,776.19]],"timestamp":1589293065.165956,"currency":"EOSBTC"},{"id":3885454123,
"demand": [[8868.76,4], [8868.36,0.08226], [8868.05,1.006661], [8868,1], [8867.7,0.129448]],
"supply": [[8871.4,0.176305], [8871.86,2.36447], [8872.26,0.17725], [8872.29,0.252364], [8872.36,6.6]],"timestamp":1589293064.641563,"currency":"BTCUSDT"}]}
],"arbitrages_count": 1,"without_fees_count": 17218,"all_count": 258475}