{"arbitrage_stats":[{"score": 1.000017314,"supply_gain_index": [0, 0, 0],"demand_gain_index": [0, 0, 0],"supply_gain": 0.0001781641673,"demand_gain": 0,"time_delta": 0.4731587999,"pairs": [{"id":911925326,
"demand": [[4.0025,384.91], [4.0016,3.29], [4.0015,50], [4.0004,725.02], [4.0003,124.99]],
"supply": [[4.0049,10.29], [4.005,652.71], [4.0061,1280], [4.0067,1336.67], [4.0068,1250]],"timestamp":1582217474.776104,"currency":"EOSUSDT"},{"id":533129337,
"demand": [[0.000416,70274.68], [0.0004144,103.57], [0.0004142,2391], [0.0004141,504.57], [0.000414,4339.67]],
"supply": [[0.0004161,2955.12], [0.0004162,330.33], [0.0004163,25.57], [0.0004165,1.12], [0.0004166,25.03]],"timestamp":1582217475.109014,"currency":"EOSBTC"},{"id":2162874361,
"demand": [[9656.27,0.1], [9655.86,0.001089], [9655.66,0.027123], [9655.17,0.001112], [9654.79,1]],
"supply": [[9658.88,0.06225], [9658.89,0.151871], [9659,0.094989], [9659.04,0.002069], [9659.99,0.4]],"timestamp":1582217474.643688,"currency":"BTCUSDT"}]}
],"arbitrages_count": 1,"without_fees_count": 13491,"all_count": 237688}