{"arbitrage_stats":[{"score": 1.000598315,"supply_gain_index": [0, 0, 0],"demand_gain_index": [2, 0, 0],"supply_gain": 0,"demand_gain": 0.2022662524,"time_delta": 0.2417986999,"pairs": [{"id":1084449583,
"demand": [[2.3004,8.68], [2.3003,42.38], [2.3002,338.06], [2.2998,26.1], [2.2997,8.67]],
"supply": [[2.3024,199.44], [2.3025,149.28], [2.3026,300], [2.3028,1250], [2.3029,322]],"timestamp":1585132934.345703,"currency":"EOSUSDT"},{"id":565588878,
"demand": [[0.0003468,0.81], [0.0003466,1382.41], [0.0003465,59.3], [0.0003464,488.26], [0.0003463,400]],
"supply": [[0.000347,389.1], [0.0003471,1098.6], [0.0003472,40.48], [0.0003473,543.16], [0.0003474,1067.04]],"timestamp":1585132934.622760,"currency":"EOSBTC"},{"id":2911958448,
"demand": [[6604.56,12.605602], [6602.7,0.003], [6600.09,0.4], [6600.02,1.842482], [6600.01,1.199998]],
"supply": [[6605,0.756767], [6605.29,0.199585], [6607,0.904538], [6608,0.035], [6610,4.041995]],"timestamp":1585132935.225217,"currency":"BTCUSDT"}]}
],"arbitrages_count": 1,"without_fees_count": 12937,"all_count": 254568}