{"arbitrage_stats":[{"score": 1.000276424,"supply_gain_index": [0, 0, 0],"demand_gain_index": [0, 0, 0],"supply_gain": 0,"demand_gain": 0.1826360229,"time_delta": 0.1425379,"pairs": [{"id":1246099106,
"demand": [[2.8108,1212.7], [2.8106,61.53], [2.8103,781.03], [2.8102,100.03], [2.81,72.64]],
"supply": [[2.8121,656.69], [2.8122,269.91], [2.8123,418.49], [2.8125,332], [2.8129,600]],"timestamp":1588552763.604922,"currency":"EOSUSDT"},{"id":596102275,
"demand": [[0.0003181,192.13], [0.000318,300], [0.0003179,3346.93], [0.0003178,494.76], [0.0003177,3705.14]],
"supply": [[0.0003184,660.71], [0.0003185,4324.29], [0.0003186,1764.75], [0.0003187,273.07], [0.0003188,7238.61]],"timestamp":1588552764.339427,"currency":"EOSBTC"},{"id":3665516324,
"demand": [[8797.04,0.894024], [8797,0.025064], [8796.91,0.923436], [8796.85,0.003167], [8796.84,0.001148]],
"supply": [[8799,8.146913], [8799.5,0.145586], [8799.9,0.001178], [8800,3.219278], [8801,1.211989]],"timestamp":1588552764.459484,"currency":"BTCUSDT"}]}
],"arbitrages_count": 1,"without_fees_count": 13647,"all_count": 258572}