{"arbitrage_stats":[{"score": 1.000149778,"supply_gain_index": [0, 0, 0],"demand_gain_index": [0, 0, 0],"supply_gain": 0,"demand_gain": 0.06656717794,"time_delta": 0.3946691001,"pairs": [{"id":1126999694,
"demand": [[2.4346,460], [2.4345,4.23], [2.4343,80.2], [2.4342,50], [2.4341,212.33]],
"supply": [[2.4349,362.68], [2.435,135.17], [2.4359,66.73], [2.436,260.46], [2.4361,671.71]],"timestamp":1586157473.914769,"currency":"EOSUSDT"},{"id":574866416,
"demand": [[0.0003491,300], [0.000349,304.49], [0.0003488,3421.59], [0.0003487,684], [0.0003486,889.29]],
"supply": [[0.0003492,444.44], [0.0003493,364.94], [0.0003494,526.53], [0.0003495,676.14], [0.0003496,0.36]],"timestamp":1586157473.962358,"currency":"EOSBTC"},{"id":3139664774,
"demand": [[6947.99,2.954262], [6947.66,0.291], [6945.95,0.005703], [6944,15.914556], [6942.85,0.07054]],
"supply": [[6950,24.086483], [6950.01,0.003798], [6950.2,0.13398], [6950.73,0.157902], [6951,2.360588]],"timestamp":1586157474.442539,"currency":"BTCUSDT"}]}
],"arbitrages_count": 1,"without_fees_count": 17274,"all_count": 256367}