{"arbitrage_stats":[{"score": 1.000185582,"supply_gain_index": [0, 0, 0],"demand_gain_index": [0, 0, 0],"supply_gain": 0,"demand_gain": 0.09297648926,"time_delta": 0.1767566,"pairs": [{"id":410120825,
"demand": [[0.01817,130904.7], [0.01816,600127.2], [0.01815,540857], [0.01814,1785927.2], [0.01813,1583841.8]],
"supply": [[0.01818,3000], [0.01819,642099.3], [0.0182,1250125.4], [0.01821,968974.1], [0.01822,1988715.8]],"timestamp":1583490854.549213,"currency":"TRXUSDT"},{"id":77439569,
"demand": [[0.000845,7347], [0.000844,25863], [0.000843,87673], [0.000842,125172], [0.000841,190495]],
"supply": [[0.000846,501], [0.000847,3000], [0.000848,27598], [0.000849,105172], [0.00085,7715]],"timestamp":1583490854.242629,"currency":"TRXBNB"},{"id":648116391,
"demand": [[21.405,18.09], [21.4,270.88], [21.3999,2.86], [21.3998,60.38], [21.3982,2.36]],
"supply": [[21.4092,1373.85], [21.4139,0.93], [21.4154,560.77], [21.4166,561.23], [21.4228,9371.12]],"timestamp":1583490855.100247,"currency":"BNBUSDT"}]}
],"arbitrages_count": 1,"without_fees_count": 13023,"all_count": 156198}