{"arbitrage_stats":[{"score": 1.000269687,"supply_gain_index": [0, 0, 0],"demand_gain_index": [0, 0, 0],"supply_gain": 0,"demand_gain": 19.73488483,"time_delta": 0.2338386,"pairs": [{"id":493911390,
"demand": [[0.01629,255125.4], [0.01628,833878.4], [0.01627,2240925.3], [0.01626,2274931.6], [0.01625,1463545.8]],
"supply": [[0.0163,428683.7], [0.01631,880745.5], [0.01632,1332810.5], [0.01633,2147057.4], [0.01634,2764862.9]],"timestamp":1588969007.982891,"currency":"TRXUSDT"},{"id":88682343,
"demand": [[0.000943,65182], [0.000942,4062], [0.000941,122364], [0.00094,254914], [0.000939,49427]],
"supply": [[0.000944,73177], [0.000945,183316], [0.000946,29372], [0.000947,132325], [0.000948,42457]],"timestamp":1588969007.914424,"currency":"TRXBNB"},{"id":889955805,
"demand": [[17.1999,3.5], [17.1998,74.64], [17.1997,72.71], [17.19,5.78], [17.188,133.58]],
"supply": [[17.2,32182.73], [17.2075,151.09], [17.2122,49.92], [17.2125,153.56], [17.219,4.5]],"timestamp":1588969008.678666,"currency":"BNBUSDT"}]}
],"arbitrages_count": 1,"without_fees_count": 28531,"all_count": 230643}