{"arbitrage_stats":[{"score": 1.000092282,"supply_gain_index": [0, 0, 0],"demand_gain_index": [0, 0, 0],"supply_gain": 0.02196305472,"demand_gain": 0,"time_delta": 0.04525900004,"pairs": [{"id":458114123,
"demand": [[0.01257,648510.8], [0.01256,2125500.9], [0.01255,1541724.1], [0.01254,919413.2], [0.01253,240632.4]],
"supply": [[0.01258,33767.9], [0.01259,369660.1], [0.0126,1212122.9], [0.01261,1497906.8], [0.01262,1480414.4]],"timestamp":1586691859.590097,"currency":"TRXUSDT"},{"id":84839600,
"demand": [[0.000902,238], [0.000901,4138], [0.0009,34703], [0.000899,287719], [0.000898,374100]],
"supply": [[0.000903,6191], [0.000904,48985], [0.000905,136055], [0.000906,39987], [0.000907,80329]],"timestamp":1586691858.636724,"currency":"TRXBNB"},{"id":781197652,
"demand": [[13.99,902.85], [13.9872,1.07], [13.9823,151.09], [13.9629,23.18], [13.9628,45.41]],
"supply": [[13.9973,3.03], [13.9974,51.71], [13.998,16.85], [13.9987,5.2], [13.999,1]],"timestamp":1586691859.601727,"currency":"BNBUSDT"}]}
],"arbitrages_count": 1,"without_fees_count": 29481,"all_count": 229794}