{"arbitrage_stats":[{"score": 1.001997945,"supply_gain_index": [0, 0, 3],"demand_gain_index": [0, 0, 0],"supply_gain": 324.1258615,"demand_gain": 0,"time_delta": 0.7715063001,"pairs": [{"id":478310662,
"demand": [[0.01517,584497.4], [0.01516,1996581.7], [0.01515,2007042.6], [0.01514,1479776.4], [0.01513,1087800.8]],
"supply": [[0.01518,392549.3], [0.01519,922837.3], [0.0152,1563673.5], [0.01521,2012717.4], [0.01522,2541635.1]],"timestamp":1588113956.968531,"currency":"TRXUSDT"},{"id":87118085,
"demand": [[0.000936,227792], [0.00093,7729], [0.000929,39659], [0.000928,154735], [0.000927,11690]],
"supply": [[0.000937,130192], [0.000938,62059], [0.000939,151779], [0.00094,531425], [0.000941,67810]],"timestamp":1588113956.740553,"currency":"TRXBNB"},{"id":843600165,
"demand": [[16.303,4.27], [16.3026,13.77], [16.3015,1.26], [16.2992,151.09], [16.2987,7.61]],
"supply": [[16.3073,6.24], [16.3074,70.24], [16.3081,151.09], [16.3087,3.8], [16.3099,7.22]],"timestamp":1588113956.766678,"currency":"BNBUSDT"}]}
],"arbitrages_count": 3,"without_fees_count": 21722,"all_count": 219649}