{"arbitrage_stats":[{"score": 1.000428243,"supply_gain_index": [0, 0, 0],"demand_gain_index": [0, 0, 0],"supply_gain": 0.05138913032,"demand_gain": 0,"time_delta": 0.056217,"pairs": [{"id":500832579,
"demand": [[0.01433,129739.5], [0.01432,615962.4], [0.01431,642939.6], [0.0143,3692579.1], [0.01429,234019.2]],
"supply": [[0.01435,109560.3], [0.01436,78238.7], [0.01437,157181.6], [0.01438,1260462.1], [0.01439,1600856.5]],"timestamp":1589320316.044510,"currency":"TRXUSDT"},{"id":89391847,
"demand": [[0.000926,120], [0.000923,19214], [0.000922,27658], [0.000921,13678], [0.00092,66466]],
"supply": [[0.000927,95426], [0.000928,365], [0.000929,1925], [0.00093,1136], [0.000931,6320]],"timestamp":1589320315.774272,"currency":"TRXBNB"},{"id":917534488,
"demand": [[15.55,1383.88], [15.5474,27.83], [15.5472,3.41], [15.547,3.21], [15.5468,1.5]],
"supply": [[15.5535,54.15], [15.5611,10.55], [15.5617,46.87], [15.5618,46.34], [15.5646,10.56]],"timestamp":1589320316.673536,"currency":"BNBUSDT"}]}
],"arbitrages_count": 2,"without_fees_count": 36849,"all_count": 232370}