{"arbitrage_stats":[{"score": 1.000022321,"supply_gain_index": [0, 0, 0],"demand_gain_index": [0, 0, 0],"supply_gain": 0.01285683015,"demand_gain": 0,"time_delta": 0.06770040002,"pairs": [{"id":488785953,
"demand": [[0.01596,1704.2], [0.01595,96590], [0.01594,323640.8], [0.01593,358052.6], [0.01592,501122.6]],
"supply": [[0.01598,108930.2], [0.01599,1769553.8], [0.016,402963.7], [0.01601,1830440.3], [0.01602,389112.2]],"timestamp":1588673443.665694,"currency":"TRXUSDT"},{"id":88170227,
"demand": [[0.000958,576], [0.000957,156], [0.000956,142630], [0.000955,13661], [0.000954,7745]],
"supply": [[0.00096,348], [0.000961,650], [0.000962,2593], [0.000963,2447], [0.000964,30215]],"timestamp":1588673442.739036,"currency":"TRXBNB"},{"id":874138120,
"demand": [[16.7311,2.88], [16.7223,57.03], [16.72,8.38], [16.7196,1.5], [16.7192,0.73]],
"supply": [[16.7338,50.31], [16.7348,15.87], [16.7349,165.65], [16.7358,10.49], [16.7359,22.1]],"timestamp":1588673443.243541,"currency":"BNBUSDT"}]}
],"arbitrages_count": 1,"without_fees_count": 28372,"all_count": 229626}