{"arbitrage_stats":[{"score": 1.000351585,"supply_gain_index": [0, 0, 0],"demand_gain_index": [1, 1, 0],"supply_gain": 0,"demand_gain": 7.30277974,"time_delta": 0.3957857999,"pairs": [{"id":411249512,
"demand": [[0.01796,4668.5], [0.01795,114218.2], [0.01794,158087.9], [0.01793,268978.2], [0.01792,380167.2]],
"supply": [[0.01797,3090.6], [0.01798,30067.8], [0.01799,173694.2], [0.018,387717.7], [0.01801,534405.2]],"timestamp":1583599316.993981,"currency":"TRXUSDT"},{"id":77611360,
"demand": [[0.000866,25039], [0.000865,18400], [0.000864,21000], [0.000863,3400], [0.000862,9408]],
"supply": [[0.000867,2076], [0.000868,20771], [0.000869,11605], [0.00087,106918], [0.000871,21753]],"timestamp":1583599316.309080,"currency":"TRXBNB"},{"id":649940982,
"demand": [[20.6092,1756.18], [20.6091,19.41], [20.6075,0.5], [20.6071,2.05], [20.6067,1.34]],
"supply": [[20.6105,37.13], [20.635,5.7], [20.6964,57.66], [20.6965,21.88], [20.7,1461.33]],"timestamp":1583599316.300816,"currency":"BNBUSDT"}]}
],"arbitrages_count": 3,"without_fees_count": 19381,"all_count": 224307}