{"arbitrage_stats":[{"score": 1.000563625,"supply_gain_index": [0, 0, 0],"demand_gain_index": [0, 0, 0],"supply_gain": 0,"demand_gain": 5.531983485,"time_delta": 0.3007691,"pairs": [{"id":414412686,
"demand": [[0.0145,76963.8], [0.01449,629331.9], [0.01448,1377039], [0.01447,888961.7], [0.01446,597624.1]],
"supply": [[0.01452,559168.9], [0.01453,1406401.2], [0.01454,821127.9], [0.01455,1644904.7], [0.01456,1328331.1]],"timestamp":1583763078.684026,"currency":"TRXUSDT"},{"id":77998839,
"demand": [[0.00088,20202], [0.000879,28545], [0.000878,95460], [0.000877,39610], [0.000876,18596]],
"supply": [[0.000881,9815], [0.000882,14694], [0.000883,91745], [0.000884,177082], [0.000885,53949]],"timestamp":1583763078.511363,"currency":"TRXBNB"},{"id":654403310,
"demand": [[16.3977,22.16], [16.3976,4.88], [16.3975,2.83], [16.3942,1.05], [16.3906,199.3]],
"supply": [[16.4,16.67], [16.472,33.17], [16.4724,151.09], [16.4731,30.41], [16.474,824.31]],"timestamp":1583763079.287539,"currency":"BNBUSDT"}]}
],"arbitrages_count": 1,"without_fees_count": 14807,"all_count": 242464}