{"arbitrage_stats":[{"score": 1.004254482,"supply_gain_index": [0, 0, 0],"demand_gain_index": [0, 0, 0],"supply_gain": 0,"demand_gain": 310.5261144,"time_delta": 0.4361506,"pairs": [{"id":502894937,
"demand": [[0.01522,248424.3], [0.01521,504364.3], [0.0152,793148], [0.01519,523942.6], [0.01518,803430.5]],
"supply": [[0.01524,196972.1], [0.01525,467117.3], [0.01526,266002.6], [0.01527,449343.6], [0.01528,1600999.6]],"timestamp":1589450996.013486,"currency":"TRXUSDT"},{"id":89581364,
"demand": [[0.000924,751], [0.000923,87722], [0.000922,17402], [0.00092,9320], [0.000919,26431]],
"supply": [[0.000927,72988], [0.000928,28873], [0.000929,8644], [0.00093,60976], [0.000931,35777]],"timestamp":1589450995.793185,"currency":"TRXBNB"},{"id":924835776,
"demand": [[16.29,88.17], [16.2879,0.87], [16.2875,279.6], [16.2874,4.09], [16.2871,14.18]],
"supply": [[16.3,482.95], [16.3052,240], [16.32,524], [16.334,0.62], [16.34,35.16]],"timestamp":1589450995.369087,"currency":"BNBUSDT"}]}
],"arbitrages_count": 3,"without_fees_count": 29167,"all_count": 227386}