{"arbitrage_stats":[{"score": 1.000412106,"supply_gain_index": [0, 0, 0],"demand_gain_index": [0, 0, 0],"supply_gain": 0.7960240053,"demand_gain": 0,"time_delta": 0.1169248001,"pairs": [{"id":468462100,
"demand": [[0.01239,1196315.2], [0.01238,1691525.8], [0.01237,2431221.3], [0.01236,1504503.7], [0.01235,495502.9]],
"supply": [[0.0124,1931.6], [0.01241,673423.9], [0.01242,2575560.2], [0.01243,2218123], [0.01244,2214005.4]],"timestamp":1587427391.708679,"currency":"TRXUSDT"},{"id":86155164,
"demand": [[0.000824,7433], [0.000823,7971], [0.000822,14309], [0.000821,7623], [0.00082,181586]],
"supply": [[0.000825,3538], [0.000826,112732], [0.000827,41300], [0.000828,193646], [0.000829,2186]],"timestamp":1587427391.229220,"currency":"TRXBNB"},{"id":812822480,
"demand": [[15.1,2723.08], [15.0509,35.94], [15.0501,15], [15.05,112.72], [15.047,31.36]],
"supply": [[15.1016,13.24], [15.1018,4.26], [15.102,3.38], [15.1029,5.02], [15.1033,1.96]],"timestamp":1587427392.148248,"currency":"BNBUSDT"}]}
],"arbitrages_count": 1,"without_fees_count": 27324,"all_count": 227327}