{"arbitrage_stats":[{"score": 1.000461008,"supply_gain_index": [0, 0, 0],"demand_gain_index": [0, 0, 0],"supply_gain": 0.1996165636,"demand_gain": 0,"time_delta": 0.7871104999,"pairs": [{"id":390341541,
"demand": [[0.01979,243384], [0.01978,352143.6], [0.01977,242645.5], [0.01976,10367.4], [0.01975,9300.5]],
"supply": [[0.0198,157780.6], [0.01983,22582.1], [0.01984,519158.6], [0.01985,691815.4], [0.01986,770195.6]],"timestamp":1582315336.289527,"currency":"TRXUSDT"},{"id":75002164,
"demand": [[0.000908,433], [0.000907,1412], [0.000906,18441], [0.000905,107166], [0.000904,198983]],
"supply": [[0.000909,29000], [0.00091,61092], [0.000911,3409], [0.000912,154761], [0.000913,126268]],"timestamp":1582315336.080165,"currency":"TRXBNB"},{"id":621519658,
"demand": [[21.8818,0.46], [21.86,238.53], [21.8571,9.06], [21.8566,0.93], [21.8549,25.73]],
"supply": [[21.899,197.17], [21.8996,42.61], [21.8999,159.19], [21.9,84.1], [21.9269,103.41]],"timestamp":1582315336.076256,"currency":"BNBUSDT"}]}
],"arbitrages_count": 1,"without_fees_count": 20505,"all_count": 167712}