{"arbitrage_stats":[{"score": 1.001541415,"supply_gain_index": [0, 1, 0],"demand_gain_index": [0, 0, 0],"supply_gain": 0.03586871748,"demand_gain": 0,"time_delta": 0.275014,"pairs": [{"id":288681691,
"demand": [[0.012801,0.52], [0.0128,3.13], [0.012798,14.86], [0.012794,8.44], [0.012791,77.66]],
"supply": [[0.012803,323.75], [0.012877,29.62], [0.01289,900], [0.012907,435.99], [0.012908,286.01]],"timestamp":1589215175.732953,"currency":"EOSETH"},{"id":124353430,
"demand": [[0.1601,8.51], [0.16,23.27], [0.1599,2.37], [0.1598,403.53], [0.1597,315.87]],
"supply": [[0.1604,270.85], [0.1606,446.6], [0.1608,2.37], [0.1609,690.32], [0.161,193.9]],"timestamp":1589215175.183949,"currency":"EOSBNB"},{"id":284392507,
"demand": [[0.080383,17.17], [0.080382,2.32], [0.080005,17.25], [0.080003,11.71], [0.080002,7.62]],
"supply": [[0.080384,43.47], [0.080391,129.4], [0.080393,0.56], [0.080395,0.24], [0.080424,0.4]],"timestamp":1589215175.017601,"currency":"BNBETH"}]}
],"arbitrages_count": 1,"without_fees_count": 1345,"all_count": 229433}