{"arbitrage_stats":[{"score": 1.000258075,"supply_gain_index": [0, 0, 0],"demand_gain_index": [0, 0, 1],"supply_gain": 0,"demand_gain": 0.001076171317,"time_delta": 0.1101749,"pairs": [{"id":284371468,
"demand": [[0.013858,4.17], [0.013771,143.21], [0.013763,300], [0.013762,0.92], [0.013761,5.08]],
"supply": [[0.013878,299.43], [0.013879,762.13], [0.01388,0.92], [0.013887,0.92], [0.013894,0.92]],"timestamp":1587830307.089908,"currency":"EOSETH"},{"id":121855398,
"demand": [[0.1644,58.95], [0.1643,199.02], [0.1642,504.21], [0.1641,8.23], [0.1639,25.92]],
"supply": [[0.1646,32.46], [0.1652,99.51], [0.1654,75.68], [0.1655,58], [0.1656,116.97]],"timestamp":1587830307.976511,"currency":"EOSBNB"},{"id":278137265,
"demand": [[0.083756,77.14], [0.083755,123.61], [0.083749,46.44], [0.083745,18.38], [0.083744,8.74]],
"supply": [[0.083917,0.14], [0.083918,26.21], [0.083919,14], [0.083921,3.59], [0.083922,0.36]],"timestamp":1587830307.553420,"currency":"BNBETH"}]}
],"arbitrages_count": 3,"without_fees_count": 418,"all_count": 185084}