{"arbitrage_stats":[{"score": 1.000561193,"supply_gain_index": [0, 0, 0],"demand_gain_index": [0, 1, 0],"supply_gain": 0,"demand_gain": 0.1609957188,"time_delta": 0.8888479001,"pairs": [{"id":289358717,
"demand": [[0.012527,300], [0.012508,300], [0.012503,300], [0.012495,1.65], [0.012486,2.82]],
"supply": [[0.012541,78.9], [0.012551,63.63], [0.012569,5.63], [0.01257,130], [0.012577,0.9]],"timestamp":1589450995.401343,"currency":"EOSETH"},{"id":124744539,
"demand": [[0.1548,800.36], [0.1547,568.3], [0.1546,481.02], [0.1545,50.45], [0.1544,138.03]],
"supply": [[0.1554,85.51], [0.1555,342.46], [0.1556,584.67], [0.1557,487.39], [0.1558,139.17]],"timestamp":1589450995.411680,"currency":"EOSBNB"},{"id":285459166,
"demand": [[0.080123,17.6], [0.080115,0.24], [0.080113,10.06], [0.08011,0.44], [0.080103,0.4]],
"supply": [[0.080273,44.61], [0.080516,30.94], [0.080795,106.1], [0.080833,9.5], [0.080835,0.56]],"timestamp":1589450995.663489,"currency":"BNBETH"}]}
],"arbitrages_count": 1,"without_fees_count": 205,"all_count": 218536}