{"arbitrage_stats":[{"score": 1.005566263,"supply_gain_index": [0, 0, 0],"demand_gain_index": [2, 0, 0],"supply_gain": 0,"demand_gain": 2.78424464,"time_delta": 0.1494808,"pairs": [{"id":262843250,
"demand": [[0.015479,19.09], [0.015478,300], [0.015477,500.2], [0.015476,300], [0.015474,43.31]],
"supply": [[0.015499,2.5], [0.015512,55.81], [0.015518,345.36], [0.015521,345.34], [0.015523,900]],"timestamp":1582235196.883264,"currency":"EOSETH"},{"id":106695164,
"demand": [[0.181,240.3], [0.1809,1185.03], [0.1808,0.74], [0.1807,289.82], [0.1806,43.33]],
"supply": [[0.1816,735.91], [0.1817,1233.77], [0.1818,75.19], [0.1819,101.51], [0.182,947.05]],"timestamp":1582235197.107265,"currency":"EOSBNB"},{"id":250657012,
"demand": [[0.084499,129.77], [0.084498,89.35], [0.084497,0.21], [0.084495,0.61], [0.08449,0.26]],
"supply": [[0.0845,356.27], [0.085085,130], [0.085121,131], [0.085665,199.64], [0.085693,7.85]],"timestamp":1582235196.249972,"currency":"BNBETH"}]}
],"arbitrages_count": 3,"without_fees_count": 2116,"all_count": 201930}