{"arbitrage_stats":[{"score": 1.002579884,"supply_gain_index": [0, 0, 0],"demand_gain_index": [0, 0, 0],"supply_gain": 0,"demand_gain": 0.007977272225,"time_delta": 0.3840199,"pairs": [{"id":288928644,
"demand": [[0.012833,253.82], [0.01283,623.04], [0.012829,358.45], [0.012827,1.5], [0.012826,623.04]],
"supply": [[0.012845,300], [0.012854,1194.05], [0.012855,716.94], [0.012856,1046.29], [0.012857,358.46]],"timestamp":1589292460.625375,"currency":"EOSETH"},{"id":124504880,
"demand": [[0.1518,122.23], [0.1517,26.73], [0.1516,63.86], [0.1515,61.65], [0.1514,32.75]],
"supply": [[0.152,232.39], [0.1521,1317], [0.1522,10.55], [0.1524,2.56], [0.1525,0.81]],"timestamp":1589292461.199844,"currency":"EOSBNB"},{"id":284780504,
"demand": [[0.083893,0.51], [0.083892,2.38], [0.083889,10.84], [0.083888,0.13], [0.083885,0.57]],
"supply": [[0.083958,0.47], [0.084181,1.32], [0.084191,0.83], [0.084203,0.28], [0.084254,3.89]],"timestamp":1589292460.574552,"currency":"BNBETH"}]}
],"arbitrages_count": 3,"without_fees_count": 1894,"all_count": 222789}