{"arbitrage_stats":[{"score": 1.00168447,"supply_gain_index": [0, 1, 0],"demand_gain_index": [0, 0, 0],"supply_gain": 48.5211725,"demand_gain": 0,"time_delta": 0.09057530004,"pairs": [{"id":330037501,
"demand": [[1.92e-06,9678229], [1.91e-06,4398300], [1.9e-06,3630461], [1.89e-06,3280871], [1.88e-06,3875333]],
"supply": [[1.93e-06,28805], [1.94e-06,831521], [1.95e-06,7103943], [1.96e-06,8812778], [1.97e-06,7231796]],"timestamp":1582818070.729296,"currency":"TRXBTC"},{"id":61015052,
"demand": [[0.07109,18083], [0.07108,255672.6], [0.07107,4120.7], [0.07106,1000], [0.07105,1460]],
"supply": [[0.07113,148.3], [0.07125,19000], [0.07129,1965.2], [0.07131,111926], [0.07133,3522]],"timestamp":1582818069.825359,"currency":"TRXXRP"},{"id":550148553,
"demand": [[2.728e-05,10000], [2.727e-05,5755], [2.726e-05,96474], [2.725e-05,100202], [2.724e-05,54583]],
"supply": [[2.73e-05,44873], [2.731e-05,1038], [2.732e-05,717], [2.733e-05,72304], [2.734e-05,71987]],"timestamp":1582818069.939182,"currency":"XRPBTC"}]}
],"arbitrages_count": 1,"without_fees_count": 1587,"all_count": 111295}