{"arbitrage_stats":[{"score": 1.000778317,"supply_gain_index": [0, 1, 0],"demand_gain_index": [0, 0, 0],"supply_gain": 3.959843517,"demand_gain": 0,"time_delta": 0.390681,"pairs": [{"id":358701587,
"demand": [[1.82e-06,4144031], [1.81e-06,9227880], [1.8e-06,9657800], [1.79e-06,4293444], [1.78e-06,4655094]],
"supply": [[1.83e-06,3009004], [1.84e-06,11051363], [1.85e-06,10334503], [1.86e-06,5944850], [1.87e-06,3638648]],"timestamp":1587648007.712970,"currency":"TRXBTC"},{"id":67875671,
"demand": [[0.06845,0.2], [0.06844,5087.7], [0.06843,913.8], [0.06842,374.1], [0.06841,7766.5]],
"supply": [[0.06857,75000], [0.06858,100000], [0.06859,2246.4], [0.0686,1908.4], [0.06872,24967.6]],"timestamp":1587648007.102132,"currency":"TRXXRP"},{"id":604656985,
"demand": [[2.684e-05,435], [2.677e-05,10315], [2.676e-05,9763], [2.675e-05,81973], [2.674e-05,46194]],
"supply": [[2.69e-05,20440], [2.691e-05,4007], [2.692e-05,72393], [2.693e-05,2237], [2.694e-05,8821]],"timestamp":1587648007.311569,"currency":"XRPBTC"}]}
],"arbitrages_count": 2,"without_fees_count": 649,"all_count": 209313}