{"arbitrage_stats":[{"score": 1.000521375,"supply_gain_index": [0, 0, 0],"demand_gain_index": [0, 0, 0],"supply_gain": 0.1834197627,"demand_gain": 0,"time_delta": 0.1264865,"pairs": [{"id":326185030,
"demand": [[2.09e-06,6662672], [2.08e-06,2901354], [2.07e-06,5295771], [2.06e-06,2916308], [2.05e-06,5977863]],
"supply": [[2.1e-06,193160], [2.11e-06,1602339], [2.12e-06,4455538], [2.13e-06,4159025], [2.14e-06,3031367]],"timestamp":1582148849.323965,"currency":"TRXBTC"},{"id":59182342,
"demand": [[0.07282,351.8], [0.07279,524.2], [0.07278,312.8], [0.07277,208.7], [0.07276,2484.8]],
"supply": [[0.07298,2017], [0.07301,2652.2], [0.07304,2339.9], [0.07325,5139], [0.07327,409.2]],"timestamp":1582148848.941619,"currency":"TRXXRP"},{"id":541560491,
"demand": [[2.894e-05,255], [2.89e-05,3910], [2.889e-05,103], [2.888e-05,355], [2.886e-05,484]],
"supply": [[2.899e-05,14925], [2.9e-05,1279], [2.901e-05,15953], [2.902e-05,385], [2.903e-05,970]],"timestamp":1582148848.451818,"currency":"XRPBTC"}]}
],"arbitrages_count": 1,"without_fees_count": 2008,"all_count": 139722}