{"arbitrage_stats":[{"score": 1.000079156,"supply_gain_index": [0, 0, 0],"demand_gain_index": [0, 0, 0],"supply_gain": 0,"demand_gain": 3.166258278e-05,"time_delta": 0.2946616,"pairs": [{"id":339060842,
"demand": [[1.86e-06,674609], [1.85e-06,2065115], [1.84e-06,5690113], [1.83e-06,3491111], [1.82e-06,2870462]],
"supply": [[1.87e-06,4716759], [1.88e-06,4022248], [1.89e-06,4609223], [1.9e-06,3817989], [1.91e-06,3281803]],"timestamp":1584148132.587649,"currency":"TRXBTC"},{"id":63567514,
"demand": [[0.06433,64838.2], [0.06431,205555.6], [0.0643,621], [0.06427,303.1], [0.06424,0.4]],
"supply": [[0.06434,0.4], [0.06458,200], [0.06469,19100.5], [0.06473,400], [0.06474,864.8]],"timestamp":1584148131.580883,"currency":"TRXXRP"},{"id":565720007,
"demand": [[2.881e-05,10058], [2.88e-05,9800], [2.878e-05,16215], [2.877e-05,41], [2.876e-05,21763]],
"supply": [[2.882e-05,11447], [2.883e-05,26], [2.884e-05,1102], [2.885e-05,10000], [2.886e-05,11716]],"timestamp":1584148131.883449,"currency":"XRPBTC"}]}
],"arbitrages_count": 11,"without_fees_count": 4290,"all_count": 236491}