{"arbitrage_stats":[{"score": 1.005758661,"supply_gain_index": [0, 0, 0],"demand_gain_index": [0, 4, 1],"supply_gain": 0,"demand_gain": 260.3427112,"time_delta": 0.5702813,"pairs": [{"id":346135281,
"demand": [[1.7e-06,2576255], [1.69e-06,3825577], [1.68e-06,4655473], [1.67e-06,7704561], [1.66e-06,4324072]],
"supply": [[1.71e-06,5166965], [1.72e-06,4750827], [1.73e-06,6944917], [1.74e-06,3876403], [1.75e-06,2726255]],"timestamp":1585124871.478630,"currency":"TRXBTC"},{"id":65023584,
"demand": [[0.07033,11235], [0.07032,475], [0.07029,300], [0.07023,100200], [0.07018,300]],
"supply": [[0.07047,1075.8], [0.07049,1260], [0.07051,300], [0.07052,626], [0.07054,45208.9]],"timestamp":1585124871.085084,"currency":"TRXXRP"},{"id":579180956,
"demand": [[2.385e-05,166556], [2.384e-05,14624], [2.383e-05,12116], [2.382e-05,30618], [2.381e-05,616]],
"supply": [[2.387e-05,300], [2.389e-05,4361], [2.415e-05,24890], [2.416e-05,11408], [2.417e-05,24112]],"timestamp":1585124871.049869,"currency":"XRPBTC"}]}
],"arbitrages_count": 3,"without_fees_count": 1290,"all_count": 210855}