{"arbitrage_stats":[{"score": 1.000221647,"supply_gain_index": [0, 0, 0],"demand_gain_index": [0, 0, 0],"supply_gain": 0,"demand_gain": 0.0791279891,"time_delta": 0.7593012,"pairs": [{"id":335222846,
"demand": [[1.84e-06,39602], [1.83e-06,4173067], [1.82e-06,4369092], [1.81e-06,4316633], [1.8e-06,10274356]],
"supply": [[1.85e-06,3126764], [1.86e-06,3470099], [1.87e-06,3474109], [1.88e-06,2585744], [1.89e-06,3004394]],"timestamp":1583684263.364385,"currency":"TRXBTC"},{"id":62446597,
"demand": [[0.07289,17341.6], [0.07282,1000], [0.07281,11364.2], [0.0728,34090.6], [0.07279,2000]],
"supply": [[0.0731,357], [0.07311,200], [0.07312,178.8], [0.07313,2315.8], [0.07314,1183]],"timestamp":1583684263.637637,"currency":"TRXXRP"},{"id":558050805,
"demand": [[2.507e-05,545], [2.506e-05,138746], [2.505e-05,50057], [2.504e-05,5195], [2.503e-05,54943]],
"supply": [[2.509e-05,37], [2.51e-05,2408], [2.513e-05,57515], [2.514e-05,2187], [2.515e-05,4]],"timestamp":1583684263.378012,"currency":"XRPBTC"}]}
],"arbitrages_count": 3,"without_fees_count": 931,"all_count": 226561}