{"arbitrage_stats":[{"score": 1.001651811,"supply_gain_index": [0, 0, 0],"demand_gain_index": [0, 0, 0],"supply_gain": 0,"demand_gain": 22.26971765,"time_delta": 0.3287587001,"pairs": [{"id":361094809,
"demand": [[1.92e-06,450308], [1.91e-06,9237651], [1.9e-06,8211424], [1.89e-06,2780606], [1.88e-06,3757680]],
"supply": [[1.93e-06,4350834], [1.94e-06,6933763], [1.95e-06,5263079], [1.96e-06,8103641], [1.97e-06,3849666]],"timestamp":1588146529.228138,"currency":"TRXBTC"},{"id":68385182,
"demand": [[0.07085,4370.4], [0.07083,100000], [0.07081,200], [0.07079,75000], [0.07077,1898.6]],
"supply": [[0.07115,13482], [0.07116,194.7], [0.07117,2195.8], [0.07118,1812.7], [0.07119,509.5]],"timestamp":1588146528.568781,"currency":"TRXXRP"},{"id":609133278,
"demand": [[2.684e-05,144261], [2.683e-05,5826], [2.682e-05,19855], [2.681e-05,17430], [2.68e-05,48434]],
"supply": [[2.686e-05,15880], [2.689e-05,24], [2.696e-05,4592], [2.701e-05,25126], [2.702e-05,810]],"timestamp":1588146529.167461,"currency":"XRPBTC"}]}
],"arbitrages_count": 2,"without_fees_count": 1483,"all_count": 219394}