{"arbitrage_stats":[{"score": 1.000045334,"supply_gain_index": [0, 0, 0],"demand_gain_index": [0, 0, 0],"supply_gain": 5.440104571e-06,"demand_gain": 0,"time_delta": 0.006909999996,"pairs": [{"id":642507197,
"demand": [[0.0022138,132.25], [0.0022137,34.49], [0.0022136,2.74], [0.0022135,97.37], [0.0022134,27.82]],
"supply": [[0.0022148,0.12], [0.0022149,12.26], [0.002215,24.67], [0.0022151,0.06], [0.0022152,6.16]],"timestamp":1587025403.997638,"currency":"BNBBTC"},{"id":273668624,
"demand": [[0.090813,0.23], [0.090656,0.31], [0.090651,0.34], [0.09065,0.67], [0.090643,4.33]],
"supply": [[0.091059,43.65], [0.09106,30], [0.091061,0.12], [0.091062,56.59], [0.091063,45.16]],"timestamp":1587025403.025919,"currency":"BNBETH"},{"id":1151536947,
"demand": [[0.024463,3.569], [0.024462,24.261], [0.024461,29.316], [0.02446,161], [0.024459,163.99]],
"supply": [[0.024469,2.236], [0.024479,24], [0.024482,0.83], [0.024483,0.046], [0.024484,1.026]],"timestamp":1587025404.020186,"currency":"ETHBTC"}]}
],"arbitrages_count": 1,"without_fees_count": 14568,"all_count": 254843}