{"arbitrage_stats":[{"score": 1.000335242,"supply_gain_index": [0, 0, 1],"demand_gain_index": [0, 0, 0],"supply_gain": 0.001082832491,"demand_gain": 0,"time_delta": 0.2724702,"pairs": [{"id":582086551,
"demand": [[0.002316,109.76], [0.0023159,5.07], [0.0023154,0.08], [0.0023132,0.43], [0.0023131,0.27]],
"supply": [[0.0023168,20.94], [0.0023201,0.08], [0.0023225,2.39], [0.0023239,331.7], [0.0023266,29.77]],"timestamp":1582511882.724498,"currency":"BNBBTC"},{"id":251710736,
"demand": [[0.084302,3.23], [0.083993,0.45], [0.083811,0.23], [0.083717,5.19], [0.083677,18.49]],
"supply": [[0.084307,4.77], [0.084381,0.23], [0.084391,9.92], [0.084559,5.12], [0.08456,59.99]],"timestamp":1582511881.995078,"currency":"BNBETH"},{"id":1039768743,
"demand": [[0.027579,0.008], [0.027574,0.641], [0.027573,21.622], [0.02757,0.018], [0.027569,0.018]],
"supply": [[0.027582,1.247], [0.027583,0.592], [0.027584,1.867], [0.027589,4.893], [0.027593,1.812]],"timestamp":1582511882.583333,"currency":"ETHBTC"}]}
],"arbitrages_count": 1,"without_fees_count": 30435,"all_count": 166415}