{"arbitrage_stats":[{"score": 1.000044192,"supply_gain_index": [0, 0, 0],"demand_gain_index": [1, 0, 0],"supply_gain": 0,"demand_gain": 0.001183461909,"time_delta": 0.5433092,"pairs": [{"id":636857822,
"demand": [[0.002032,6.25], [0.0020319,26.78], [0.0020317,100], [0.0020316,161.23], [0.0020315,46.19]],
"supply": [[0.0020333,102.72], [0.0020335,0.87], [0.0020336,78.63], [0.0020338,10.01], [0.0020339,49.57]],"timestamp":1586588525.222898,"currency":"BNBBTC"},{"id":271057760,
"demand": [[0.087762,1.82], [0.08774,1], [0.087727,12.34], [0.087714,12.33], [0.087708,0.13]],
"supply": [[0.087819,27.5], [0.08782,30.83], [0.087825,0.62], [0.087826,20.84], [0.087829,84.2]],"timestamp":1586588525.275174,"currency":"BNBETH"},{"id":1142165395,
"demand": [[0.023066,14.181], [0.023065,3.208], [0.023064,22.016], [0.023063,2.339], [0.023062,0.8]],
"supply": [[0.023067,2.383], [0.023134,3.067], [0.023139,19.055], [0.023148,17.122], [0.023158,8.643]],"timestamp":1586588525.685176,"currency":"ETHBTC"}]}
],"arbitrages_count": 1,"without_fees_count": 42794,"all_count": 251938}