{"arbitrage_stats":[{"score": 1.000147728,"supply_gain_index": [0, 1, 0],"demand_gain_index": [0, 0, 0],"supply_gain": 0.002009097157,"demand_gain": 0,"time_delta": 0.08429749997,"pairs": [{"id":579605217,
"demand": [[0.0023099,35.34], [0.0023098,10.94], [0.0023097,2.5], [0.0023096,4], [0.0023095,51.51]],
"supply": [[0.00231,2891.13], [0.0023106,17.47], [0.002315,232.24], [0.0023189,709], [0.0023203,700]],"timestamp":1582260609.800085,"currency":"BNBBTC"},{"id":250771741,
"demand": [[0.086064,0.23], [0.08594,13.6], [0.085939,1.9], [0.085935,0.45], [0.085931,4.64]],
"supply": [[0.086132,14.27], [0.086133,166.68], [0.086135,116.3], [0.086224,144.99], [0.086233,86.2]],"timestamp":1582260608.854056,"currency":"BNBETH"},{"id":1034535018,
"demand": [[0.026964,4], [0.026963,3.781], [0.026962,4.007], [0.026959,0.03], [0.026955,7.773]],
"supply": [[0.026967,0.137], [0.026973,0.197], [0.026975,7.071], [0.026976,7.417], [0.026977,1.914]],"timestamp":1582260609.663445,"currency":"ETHBTC"}]}
],"arbitrages_count": 1,"without_fees_count": 27870,"all_count": 212280}