{"arbitrage_stats":[{"score": 1.000138467,"supply_gain_index": [0, 0, 0],"demand_gain_index": [0, 4, 0],"supply_gain": 0,"demand_gain": 0.0009155192402,"time_delta": 0.6950496001,"pairs": [{"id":657850830,
"demand": [[0.0019334,26.5], [0.0019333,8.68], [0.0019332,0.42], [0.0019331,22.08], [0.001933,2014.85]],
"supply": [[0.0019336,7.3], [0.0019338,15.87], [0.0019339,5.35], [0.001934,64.76], [0.0019341,30.42]],"timestamp":1588518034.057681,"currency":"BNBBTC"},{"id":281270576,
"demand": [[0.08208,17.94], [0.082079,36.91], [0.082078,66.58], [0.082071,33.73], [0.082065,145]],
"supply": [[0.082259,0.51], [0.082265,0.24], [0.082268,0.88], [0.082269,0.78], [0.082277,11.25]],"timestamp":1588518033.927466,"currency":"BNBETH"},{"id":1188019208,
"demand": [[0.023424,0.251], [0.023423,2.685], [0.023422,0.16], [0.023421,0.215], [0.02342,9.949]],
"supply": [[0.023425,0.544], [0.023427,22.905], [0.023479,9.997], [0.023482,37.997], [0.023483,0.406]],"timestamp":1588518034.227641,"currency":"ETHBTC"}]}
],"arbitrages_count": 1,"without_fees_count": 21465,"all_count": 245874}