{"arbitrage_stats":[{"score": 1.000125259,"supply_gain_index": [1, 0, 0],"demand_gain_index": [0, 0, 0],"supply_gain": 0.005033456418,"demand_gain": 0,"time_delta": 0.1154071999,"pairs": [{"id":668656254,
"demand": [[0.0017013,13.52], [0.0017008,19.3], [0.0017,7.79], [0.0016999,8.5], [0.0016993,983.89]],
"supply": [[0.0017019,3.2], [0.001702,338.58], [0.0017021,0.31], [0.0017022,2.78], [0.0017023,0.13]],"timestamp":1589509931.269951,"currency":"BNBBTC"},{"id":285744487,
"demand": [[0.081255,122.84], [0.081193,12.24], [0.081062,28.68], [0.081043,0.38], [0.081041,0.55]],
"supply": [[0.081375,0.13], [0.081382,105.87], [0.081383,11.77], [0.081386,77.68], [0.0814,50]],"timestamp":1589509931.021117,"currency":"BNBETH"},{"id":1214837635,
"demand": [[0.021012,3.255], [0.021006,2.44], [0.020999,2.44], [0.02099,0.009], [0.020982,67.631]],
"supply": [[0.021042,0.973], [0.021044,1.2], [0.02105,1.352], [0.021052,1.134], [0.021055,0.42]],"timestamp":1589509931.914415,"currency":"ETHBTC"}]}
],"arbitrages_count": 1,"without_fees_count": 27154,"all_count": 251632}