{"arbitrage_stats":[{"score": 1.000098639,"supply_gain_index": [0, 2, 0],"demand_gain_index": [0, 0, 0],"supply_gain": 0.001006113555,"demand_gain": 0,"time_delta": 0.3420729999,"pairs": [{"id":597508826,
"demand": [[0.0020938,20.85], [0.0020934,171.78], [0.0020933,4.31], [0.0020932,0.29], [0.0020931,18.13]],
"supply": [[0.002095,10.2], [0.0021055,660], [0.002106,50.79], [0.0021061,245.34], [0.0021065,33.17]],"timestamp":1583763100.310979,"currency":"BNBBTC"},{"id":257013262,
"demand": [[0.081322,0.55], [0.081316,0.14], [0.081315,10.41], [0.08131,1.26], [0.081309,0.75]],
"supply": [[0.081421,64.68], [0.081492,1.04], [0.081501,122.63], [0.081522,87.44], [0.081574,23.97]],"timestamp":1583763099.897602,"currency":"BNBETH"},{"id":1069590514,
"demand": [[0.025844,4], [0.025842,0.75], [0.025839,0.151], [0.025833,11.559], [0.025831,0.043]],
"supply": [[0.025849,3.555], [0.02585,6.99], [0.025853,3.217], [0.025859,8.1], [0.025861,3.227]],"timestamp":1583763100.702076,"currency":"ETHBTC"}]}
],"arbitrages_count": 2,"without_fees_count": 25899,"all_count": 255558}