{"arbitrage_stats":[{"score": 1.000095009,"supply_gain_index": [0, 0, 0],"demand_gain_index": [0, 0, 0],"supply_gain": 0.001210742822,"demand_gain": 0,"time_delta": 0.2009489,"pairs": [{"id":202924862,
"demand": [[65.24,11.73784], [65.23,5.30573], [65.22,256.80585], [65.21,0.99999], [65.2,62.95639]],
"supply": [[65.3,36.82593], [65.32,24.79279], [65.33,18.07334], [65.34,30.53], [65.35,123.7]],"timestamp":1589409864.591442,"currency":"XMRUSDT"},{"id":183421857,
"demand": [[0.32896,43.069], [0.32751,21.35], [0.3275,4], [0.32748,1.109], [0.32747,0.048]],
"supply": [[0.32897,23.948], [0.32898,14.23], [0.329,7.977], [0.32901,14.235], [0.32902,2.667]],"timestamp":1589409864.691110,"currency":"XMRETH"},{"id":1958849026,
"demand": [[199.12,4.17912], [199.1,7.0005], [199.09,61.5], [199.07,15.02266], [199.06,3.10651]],
"supply": [[199.18,2.51149], [199.19,7.48507], [199.2,5.40246], [199.21,21.02743], [199.22,29.80752]],"timestamp":1589409863.891550,"currency":"ETHUSDT"}]}
],"arbitrages_count": 1,"without_fees_count": 3515,"all_count": 240736}