{"arbitrage_stats":[{"score": 1.000366913,"supply_gain_index": [1, 0, 0],"demand_gain_index": [0, 0, 0],"supply_gain": 0.01263356349,"demand_gain": 0,"time_delta": 0.7510667001,"pairs": [{"id":192615476,
"demand": [[60.25,15.19478], [60.24,0.60268], [60.23,0.46288], [60.22,2.63036], [60.21,3.12966]],
"supply": [[60.28,8.96068], [60.29,34.43208], [60.3,60.75466], [60.31,1.91496], [60.32,0.42578]],"timestamp":1588855073.620454,"currency":"XMRUSDT"},{"id":181971375,
"demand": [[0.2938,146.699], [0.29241,0.997], [0.2924,1.357], [0.29238,2.884], [0.29229,29.874]],
"supply": [[0.29397,7.618], [0.29398,15.471], [0.29402,15.473], [0.29403,0.009], [0.29409,60]],"timestamp":1588855073.862441,"currency":"XMRETH"},{"id":1893276541,
"demand": [[205.9,15.22438], [205.88,55.77209], [205.87,0.09712], [205.85,14.50905], [205.83,38.42877]],
"supply": [[205.91,4.23415], [205.92,2.05576], [205.96,45.01535], [205.97,8.75525], [205.98,11.52596]],"timestamp":1588855073.819944,"currency":"ETHUSDT"}]}
],"arbitrages_count": 1,"without_fees_count": 3104,"all_count": 240891}