{"arbitrage_stats":[{"score": 1.000408589,"supply_gain_index": [0, 0, 0],"demand_gain_index": [0, 0, 0],"supply_gain": 1.879509861e-05,"demand_gain": 0,"time_delta": 0.5024693001,"pairs": [{"id":129508965,
"demand": [[54.17,42.68937], [54.16,4.13164], [54.13,7], [54.11,0.23664], [54.1,2.17497]],
"supply": [[54.21,200.85818], [54.31,2.012], [54.34,8], [54.36,6.77], [54.4,7.76]],"timestamp":1583854503.773552,"currency":"XMRUSDT"},{"id":166634179,
"demand": [[0.27348,0.046], [0.27346,0.041], [0.27336,0.074], [0.27335,0.1], [0.27305,0.889]],
"supply": [[0.27453,8.239], [0.27454,12.512], [0.27469,1.461], [0.2747,3.109], [0.27475,3.4]],"timestamp":1583854503.187521,"currency":"XMRETH"},{"id":1387018386,
"demand": [[198.9,10.65012], [198.86,22.43906], [198.81,14.47066], [198.78,0.65035], [198.77,27.87818]],
"supply": [[198.94,3.62552], [198.98,12.87963], [199,71.42034], [199.01,1.61], [199.03,8.901]],"timestamp":1583854503.789514,"currency":"ETHUSDT"}]}
],"arbitrages_count": 1,"without_fees_count": 10235,"all_count": 239708}