{"arbitrage_stats":[{"score": 1.000254325,"supply_gain_index": [0, 0, 0],"demand_gain_index": [0, 2, 0],"supply_gain": 0,"demand_gain": 0.003188725018,"time_delta": 0.6799262,"pairs": [{"id":171840470,
"demand": [[54.29,19.85657], [54.28,17.20572], [54.24,16.34614], [54.23,2.9504], [54.21,5.40985]],
"supply": [[54.33,64.27866], [54.34,4.2753], [54.35,32.41844], [54.36,127.05431], [54.37,17.68265]],"timestamp":1587461967.435133,"currency":"XMRUSDT"},{"id":178436844,
"demand": [[0.31949,5.723], [0.31947,22.201], [0.31946,17.279], [0.31945,9.653], [0.31941,12.539]],
"supply": [[0.3209,3.209], [0.32091,1.108], [0.32092,12.538], [0.32098,1.033], [0.32104,1.251]],"timestamp":1587461967.704854,"currency":"XMRETH"},{"id":1751504402,
"demand": [[168.5,46.52762], [168.49,0.078], [168.48,0.64374], [168.47,14.87471], [168.46,38.9236]],
"supply": [[168.62,4.79925], [168.63,128.32682], [168.65,30], [168.7,8.992], [168.77,38.64519]],"timestamp":1587461967.644883,"currency":"ETHUSDT"}]}
],"arbitrages_count": 2,"without_fees_count": 7640,"all_count": 230229}