{"arbitrage_stats":[{"score": 1.000716681,"supply_gain_index": [0, 0, 0],"demand_gain_index": [0, 0, 0],"supply_gain": 0,"demand_gain": 0.4801765686,"time_delta": 0.1444413001,"pairs": [{"id":624080283,
"demand": [[2.103e-05,670], [2.102e-05,11193], [2.101e-05,29417], [2.1e-05,101968], [2.099e-05,34336]],
"supply": [[2.104e-05,16908], [2.105e-05,16478], [2.106e-05,594], [2.107e-05,63254], [2.108e-05,482]],"timestamp":1589570175.018637,"currency":"XRPBTC"},{"id":320470394,
"demand": [[0.00101138,9872], [0.00101108,101], [0.00101107,236], [0.00100986,1267], [0.00100985,77]],
"supply": [[0.00101271,1385], [0.00101432,21], [0.00101433,12], [0.00101434,365], [0.00101438,1199]],"timestamp":1589570174.382294,"currency":"XRPETH"},{"id":1216583221,
"demand": [[0.020688,1.519], [0.020687,1.227], [0.020686,1.073], [0.020685,0.569], [0.020684,0.08]],
"supply": [[0.020689,1770.309], [0.020691,0.334], [0.02072,2.677], [0.020733,5.753], [0.020734,7.458]],"timestamp":1589570175.242476,"currency":"ETHBTC"}]}
],"arbitrages_count": 1,"without_fees_count": 2212,"all_count": 253159}