{"arbitrage_stats":[{"score": 1.000246287,"supply_gain_index": [0, 0, 0],"demand_gain_index": [0, 0, 0],"supply_gain": 0,"demand_gain": 0.06354210025,"time_delta": 0.1899241001,"pairs": [{"id":541560401,
"demand": [[2.892e-05,4500], [2.89e-05,748], [2.889e-05,103], [2.886e-05,484], [2.884e-05,19000]],
"supply": [[2.896e-05,407], [2.897e-05,7400], [2.898e-05,2050], [2.899e-05,1076], [2.9e-05,1797]],"timestamp":1582148846.455074,"currency":"XRPBTC"},{"id":282207695,
"demand": [[0.00105716,905], [0.00105715,605], [0.00105601,452], [0.00105508,22], [0.001055,300]],
"supply": [[0.0010573,258], [0.00106447,1803], [0.00106448,91], [0.00106449,4900], [0.00106463,605]],"timestamp":1582148845.698796,"currency":"XRPETH"},{"id":1031254421,
"demand": [[0.027261,0.079], [0.027258,0.1], [0.027253,25.404], [0.027241,0.406], [0.027233,0.1]],
"supply": [[0.027264,0.865], [0.027339,1.687], [0.027342,0.36], [0.027343,4.981], [0.027358,0.076]],"timestamp":1582148845.697639,"currency":"ETHBTC"}]}
],"arbitrages_count": 1,"without_fees_count": 3076,"all_count": 166872}