{"arbitrage_stats":[{"score": 1.000398633,"supply_gain_index": [0, 0, 0],"demand_gain_index": [0, 0, 0],"supply_gain": 0,"demand_gain": 0.03986334506,"time_delta": 0.5524086001,"pairs": [{"id":612936548,
"demand": [[2.47e-05,100], [2.469e-05,28659], [2.468e-05,6437], [2.467e-05,3654], [2.466e-05,119860]],
"supply": [[2.471e-05,12997], [2.472e-05,14587], [2.473e-05,65253], [2.474e-05,24321], [2.475e-05,106633]],"timestamp":1588518033.773308,"currency":"XRPBTC"},{"id":316351775,
"demand": [[0.00104921,2317], [0.0010492,749], [0.00104919,278], [0.00104468,1147], [0.00104458,15000]],
"supply": [[0.00105085,592], [0.00105095,39], [0.00105102,11], [0.00105109,11], [0.00105111,101]],"timestamp":1588518033.988885,"currency":"XRPETH"},{"id":1188019208,
"demand": [[0.023424,0.251], [0.023423,2.685], [0.023422,0.16], [0.023421,0.215], [0.02342,9.949]],
"supply": [[0.023425,0.544], [0.023427,22.905], [0.023479,9.997], [0.023482,37.997], [0.023483,0.406]],"timestamp":1588518034.227641,"currency":"ETHBTC"}]}
],"arbitrages_count": 1,"without_fees_count": 3222,"all_count": 247740}