{"arbitrage_stats":[{"score": 1.000186463,"supply_gain_index": [0, 0, 0],"demand_gain_index": [0, 0, 0],"supply_gain": 0,"demand_gain": 0.1446954407,"time_delta": 0.5137894,"pairs": [{"id":594079975,
"demand": [[2.738e-05,37805], [2.737e-05,939], [2.736e-05,56572], [2.734e-05,51537], [2.733e-05,1027]],
"supply": [[2.739e-05,907], [2.74e-05,11740], [2.741e-05,762], [2.742e-05,11132], [2.743e-05,11774]],"timestamp":1586494891.803271,"currency":"XRPBTC"},{"id":307038545,
"demand": [[0.00117984,1316], [0.00117983,109], [0.00117876,687], [0.00117875,14992], [0.00117866,28]],
"supply": [[0.0011851,776], [0.0011913,3649], [0.00119132,889], [0.00119133,102], [0.00119135,1777]],"timestamp":1586494891.788630,"currency":"XRPETH"},{"id":1139769337,
"demand": [[0.023022,5.406], [0.023021,28.195], [0.02302,6.084], [0.023019,49.506], [0.023017,7.397]],
"supply": [[0.02303,21.497], [0.023031,0.577], [0.023032,0.018], [0.023033,0.023], [0.023035,102.034]],"timestamp":1586494891.286911,"currency":"ETHBTC"}]}
],"arbitrages_count": 2,"without_fees_count": 3552,"all_count": 256059}