{"arbitrage_stats":[{"score": 1.000498146,"supply_gain_index": [0, 0, 0],"demand_gain_index": [0, 0, 0],"supply_gain": 0.02042398361,"demand_gain": 0,"time_delta": 0.1808845999,"pairs": [{"id":957330196,
"demand": [[0.16467,13256.5], [0.16465,1752.8], [0.16464,10000], [0.16462,8869.5], [0.16461,7168.9]],
"supply": [[0.16468,1659.7], [0.1648,18569.2], [0.16481,4384.8], [0.16482,3028.2], [0.16483,2585.7]],"timestamp":1585530879.068580,"currency":"XRPUSDT"},{"id":113137087,
"demand": [[0.01457,41], [0.01456,137.3], [0.01454,391.9], [0.01453,12174.8], [0.01452,12254.7]],
"supply": [[0.01458,1441.7], [0.01459,20134.7], [0.0146,17224.3], [0.01461,15452.5], [0.01462,149.7]],"timestamp":1585530878.522630,"currency":"XRPBNB"},{"id":717503370,
"demand": [[11.3423,47.45], [11.3422,25.27], [11.3384,45], [11.3374,151.09], [11.3368,180]],
"supply": [[11.3493,4.43], [11.35,54.24], [11.3502,3.52], [11.3508,11.13], [11.3513,0.94]],"timestamp":1585530879.344414,"currency":"BNBUSDT"}]}
],"arbitrages_count": 1,"without_fees_count": 35434,"all_count": 235042}