{"arbitrage_stats":[{"score": 1.000553201,"supply_gain_index": [0, 0, 0],"demand_gain_index": [0, 1, 0],"supply_gain": 0,"demand_gain": 7.03257393,"time_delta": 0.2002250999,"pairs": [{"id":1102535621,
"demand": [[0.2187,92678.2], [0.21865,3140], [0.21864,2806.1], [0.21863,1254.4], [0.21862,1170]],
"supply": [[0.21871,10000], [0.21874,1193.7], [0.21875,13124.1], [0.21876,8244.7], [0.21877,30000]],"timestamp":1588969008.411849,"currency":"XRPUSDT"},{"id":119205248,
"demand": [[0.01265,355.3], [0.01264,1323.3], [0.01263,10671.9], [0.01262,29519.2], [0.01261,24651.2]],
"supply": [[0.01266,283.2], [0.01267,12712.5], [0.01268,10239.4], [0.01269,21842.2], [0.0127,2682.9]],"timestamp":1588969007.862418,"currency":"XRPBNB"},{"id":889955805,
"demand": [[17.1999,3.5], [17.1998,74.64], [17.1997,72.71], [17.19,5.78], [17.188,133.58]],
"supply": [[17.2,32182.73], [17.2075,151.09], [17.2122,49.92], [17.2125,153.56], [17.219,4.5]],"timestamp":1588969008.678666,"currency":"BNBUSDT"}]}
],"arbitrages_count": 1,"without_fees_count": 31086,"all_count": 224297}