{"arbitrage_stats":[{"score": 1.00146806,"supply_gain_index": [0, 0, 0],"demand_gain_index": [0, 1, 0],"supply_gain": 0,"demand_gain": 2.055136704,"time_delta": 0.06534189999,"pairs": [{"id":1065954554,
"demand": [[0.229,2545.7], [0.22899,8750.3], [0.22897,1725.6], [0.22896,2627.2], [0.22894,346]],
"supply": [[0.22916,7901.7], [0.22919,7556.4], [0.2292,978], [0.22921,2029.5], [0.22922,339.2]],"timestamp":1588231191.239305,"currency":"XRPUSDT"},{"id":117986504,
"demand": [[0.01309,14712], [0.01308,4924.2], [0.01307,3927.3], [0.01306,422.5], [0.01305,893.9]],
"supply": [[0.01313,383.8], [0.01314,1399.9], [0.01315,64.3], [0.01316,316.9], [0.01317,381.4]],"timestamp":1588231191.007113,"currency":"XRPBNB"},{"id":849138901,
"demand": [[17.3498,267.44], [17.3483,23.92], [17.3482,0.71], [17.3469,6.97], [17.3461,0.63]],
"supply": [[17.35,624.03], [17.39,4852.54], [17.396,31], [17.4,2183.36], [17.41,5.88]],"timestamp":1588231190.305390,"currency":"BNBUSDT"}]}
],"arbitrages_count": 1,"without_fees_count": 27888,"all_count": 240771}