{"arbitrage_stats":[{"score": 1.000094855,"supply_gain_index": [0, 0, 0],"demand_gain_index": [0, 0, 0],"supply_gain": 9.485483707e-06,"demand_gain": 0,"time_delta": 0.2798858001,"pairs": [{"id":1078562289,
"demand": [[0.2252,9078.4], [0.22519,2217.8], [0.22517,8000], [0.22516,1560], [0.22515,605]],
"supply": [[0.22522,34767.6], [0.22532,1038], [0.22533,13887.1], [0.22537,10000], [0.2254,993]],"timestamp":1588470343.424698,"currency":"XRPUSDT"},{"id":118487422,
"demand": [[0.01281,0.1], [0.01277,430.3], [0.01276,15199.3], [0.01275,7869.1], [0.01274,4674]],
"supply": [[0.01282,24107.6], [0.01283,18927.3], [0.01284,12983.8], [0.01285,12913.5], [0.01286,1393.6]],"timestamp":1588470342.704840,"currency":"XRPBNB"},{"id":862954003,
"demand": [[17.6361,23.77], [17.6356,66.01], [17.6305,10.19], [17.6298,39.47], [17.6292,68.64]],
"supply": [[17.6362,2.73], [17.6371,0.77], [17.6384,5], [17.6398,8.57], [17.6401,0.78]],"timestamp":1588470342.923598,"currency":"BNBUSDT"}]}
],"arbitrages_count": 1,"without_fees_count": 18696,"all_count": 219397}