{"arbitrage_stats":[{"score": 1.00057233,"supply_gain_index": [0, 0, 0],"demand_gain_index": [0, 0, 0],"supply_gain": 0.01282020247,"demand_gain": 0,"time_delta": 0.8201448,"pairs": [{"id":984990604,
"demand": [[0.19676,2036.4], [0.19672,3826], [0.1967,152.5], [0.19667,4826], [0.19662,164]],
"supply": [[0.197,3363666.2], [0.19728,802], [0.1977,2669.5], [0.19774,1400], [0.19777,11802.1]],"timestamp":1586232107.700327,"currency":"XRPUSDT"},{"id":114448085,
"demand": [[0.01318,22.4], [0.01317,230.4], [0.01316,1606.7], [0.01315,9635.8], [0.01314,6067]],
"supply": [[0.0132,7560.6], [0.01321,18923.1], [0.01322,18046.5], [0.01323,15656.2], [0.01324,19673.8]],"timestamp":1586232107.623929,"currency":"XRPBNB"},{"id":757251262,
"demand": [[15.0004,55.38], [15.0002,151.09], [15.0001,9.66], [15,695.22], [14.9999,2.81]],
"supply": [[15.0134,46.99], [15.0135,163.5], [15.0139,19.26], [15.0146,15], [15.017,59.86]],"timestamp":1586232107.804344,"currency":"BNBUSDT"}]}
],"arbitrages_count": 2,"without_fees_count": 37707,"all_count": 237333}