{"arbitrage_stats":[{"score": 1.000141887,"supply_gain_index": [0, 0, 0],"demand_gain_index": [0, 0, 0],"supply_gain": 0.001986411997,"demand_gain": 0,"time_delta": 0.119482,"pairs": [{"id":949869156,
"demand": [[0.16915,997.1], [0.16885,35.4], [0.16881,491.9], [0.1687,7432.6], [0.16849,3102.6]],
"supply": [[0.16936,3601.6], [0.16939,2192.1], [0.1694,1593.1], [0.16942,36079.1], [0.16943,10000]],"timestamp":1585353693.451582,"currency":"XRPUSDT"},{"id":112777599,
"demand": [[0.01396,14], [0.01395,181.6], [0.01394,1670.7], [0.01393,394.3], [0.01392,1140.7]],
"supply": [[0.01397,2066], [0.01398,8655.6], [0.01401,117.8], [0.01403,9.7], [0.01404,142.8]],"timestamp":1585353693.294379,"currency":"XRPBNB"},{"id":708936288,
"demand": [[12.17,399.83], [12.1675,5.18], [12.165,29.74], [12.1645,6.17], [12.1632,5.4]],
"supply": [[12.1751,33.08], [12.1752,156.37], [12.1759,33.02], [12.1766,220], [12.1768,45.18]],"timestamp":1585353692.557400,"currency":"BNBUSDT"}]}
],"arbitrages_count": 1,"without_fees_count": 29120,"all_count": 237987}