{"arbitrage_stats":[{"score": 1.000086237,"supply_gain_index": [0, 0, 0],"demand_gain_index": [0, 0, 0],"supply_gain": 8.623693213e-06,"demand_gain": 0,"time_delta": 0.02800459997,"pairs": [{"id":1087414337,
"demand": [[0.21851,17597], [0.2185,14266.1], [0.21849,8507], [0.21845,2001.9], [0.21844,2739.7]],
"supply": [[0.21858,29947], [0.21859,12749.7], [0.2186,1967.9], [0.21861,1968.5], [0.21862,8507]],"timestamp":1588642097.787544,"currency":"XRPUSDT"},{"id":118727026,
"demand": [[0.01281,0.1], [0.01278,778.9], [0.01277,11.2], [0.01276,687.3], [0.01275,810.4]],
"supply": [[0.01282,2957.5], [0.01283,10092.6], [0.01284,18311.3], [0.01285,282], [0.01286,3132.1]],"timestamp":1588642097.289506,"currency":"XRPBNB"},{"id":872352388,
"demand": [[17.116,38.51], [17.1158,15], [17.111,10.78], [17.1104,32.4], [17.1093,10.86]],
"supply": [[17.1245,0.8], [17.1251,3.87], [17.1259,1.8], [17.1274,0.81], [17.1279,0.62]],"timestamp":1588642098.260491,"currency":"BNBUSDT"}]}
],"arbitrages_count": 1,"without_fees_count": 23349,"all_count": 222104}