{"arbitrage_stats":[{"score": 1.000092926,"supply_gain_index": [0, 0, 0],"demand_gain_index": [0, 0, 0],"supply_gain": 0,"demand_gain": 0.01393894115,"time_delta": 0.07671310008,"pairs": [{"id":1029700615,
"demand": [[0.18842,150], [0.18841,53.1], [0.1884,9720.5], [0.18839,79.7], [0.18838,200]],
"supply": [[0.18845,3248.7], [0.18848,2724.9], [0.18849,3804.8], [0.1885,6490.2], [0.18851,2615.6]],"timestamp":1587383208.773359,"currency":"XRPUSDT"},{"id":116575857,
"demand": [[0.0119,642], [0.01189,19045.5], [0.01188,465.7], [0.01186,337.3], [0.01184,230.5]],
"supply": [[0.01193,276], [0.01194,844.9], [0.01195,16197.2], [0.01196,8427.1], [0.01197,253.8]],"timestamp":1587383208.021002,"currency":"XRPBNB"},{"id":810125375,
"demand": [[15.73,116.13], [15.7216,10.42], [15.7215,4.35], [15.7211,6.22], [15.721,127.46]],
"supply": [[15.745,1120.69], [15.7478,4.93], [15.7483,1.23], [15.76,0.33], [15.7653,3.16]],"timestamp":1587383208.940889,"currency":"BNBUSDT"}]}
],"arbitrages_count": 1,"without_fees_count": 22423,"all_count": 231553}