{"arbitrage_stats":[{"score": 1.000617299,"supply_gain_index": [0, 0, 0],"demand_gain_index": [0, 0, 0],"supply_gain": 0,"demand_gain": 1.20570846,"time_delta": 0.7132696999,"pairs": [{"id":975675415,
"demand": [[0.18094,12002.3], [0.18093,1538.4], [0.18092,10000], [0.18088,8507], [0.18085,3018.9]],
"supply": [[0.18099,4635.5], [0.181,5000], [0.18101,8959.9], [0.18103,14019.9], [0.18104,556]],"timestamp":1585995291.925564,"currency":"XRPUSDT"},{"id":114042849,
"demand": [[0.01322,84.3], [0.01321,468.9], [0.0132,15522.8], [0.01319,15000], [0.01318,120.7]],
"supply": [[0.01324,1953.2], [0.01326,1729.4], [0.01327,17228.2], [0.01328,37845.2], [0.01329,1346.6]],"timestamp":1585995291.909774,"currency":"XRPBNB"},{"id":743281496,
"demand": [[13.61,20], [13.6032,18.01], [13.6014,500.47], [13.6013,21.4], [13.5999,104.58]],
"supply": [[13.6168,89.65], [13.6558,157.55], [13.6665,73.33], [13.6688,1591], [13.6738,97.93]],"timestamp":1585995292.195440,"currency":"BNBUSDT"}]}
],"arbitrages_count": 1,"without_fees_count": 39260,"all_count": 231202}