{"arbitrage_stats":[{"score": 1.00081535,"supply_gain_index": [0, 0, 0],"demand_gain_index": [3, 0, 0],"supply_gain": 0,"demand_gain": 1.089967117,"time_delta": 0.7589809999,"pairs": [{"id":868234345,
"demand": [[0.20534,576.7], [0.20531,1135.2], [0.2053,863], [0.20529,25220.3], [0.20527,18216.5]],
"supply": [[0.20541,9202], [0.20542,2670.8], [0.20546,9659.7], [0.20549,1157], [0.2055,23287.4]],"timestamp":1583763079.280027,"currency":"XRPUSDT"},{"id":107177863,
"demand": [[0.01246,415.9], [0.01245,2700], [0.01244,2500], [0.01243,2626.7], [0.01242,12580.6]],
"supply": [[0.01247,2033], [0.01249,227.6], [0.0125,25909.4], [0.01251,2679.8], [0.01252,19963.9]],"timestamp":1583763078.797097,"currency":"XRPBNB"},{"id":654403310,
"demand": [[16.3977,22.16], [16.3976,4.88], [16.3975,2.83], [16.3942,1.05], [16.3906,199.3]],
"supply": [[16.4,16.67], [16.472,33.17], [16.4724,151.09], [16.4731,30.41], [16.474,824.31]],"timestamp":1583763079.287539,"currency":"BNBUSDT"}]}
],"arbitrages_count": 1,"without_fees_count": 14038,"all_count": 247111}