{"arbitrage_stats":[{"score": 1.000527939,"supply_gain_index": [0, 0, 0],"demand_gain_index": [0, 0, 0],"supply_gain": 0,"demand_gain": 0.0001055878446,"time_delta": 0.0008555999957,"pairs": [{"id":969427734,
"demand": [[0.18492,890.2], [0.18491,8553.9], [0.1848,8624], [0.18479,1717], [0.18478,913.2]],
"supply": [[0.18499,15515], [0.185,3191.4], [0.18501,1881.1], [0.18503,967], [0.18505,1284]],"timestamp":1585847185.775380,"currency":"XRPUSDT"},{"id":113745214,
"demand": [[0.0136,396.4], [0.01356,13713.2], [0.01355,117.3], [0.01354,98.5], [0.01353,152.9]],
"supply": [[0.01361,0.2], [0.01362,49.8], [0.01363,91], [0.01364,87.9], [0.01365,216.7]],"timestamp":1585847185.677367,"currency":"XRPBNB"},{"id":733272260,
"demand": [[13.5389,1.9], [13.5386,6.82], [13.5381,152.1], [13.537,12.16], [13.5357,2.5]],
"supply": [[13.5392,2.16], [13.5697,3.03], [13.5702,63.95], [13.5722,93.61], [13.5723,83.55]],"timestamp":1585847186.743132,"currency":"BNBUSDT"}]}
],"arbitrages_count": 1,"without_fees_count": 37724,"all_count": 237141}