{"arbitrage_stats":[{"score": 1.000033627,"supply_gain_index": [0, 0, 0],"demand_gain_index": [0, 0, 0],"supply_gain": 0,"demand_gain": 0.0002661785539,"time_delta": 0.03318020003,"pairs": [{"id":558072972,
"demand": [[2.47e-05,51040], [2.461e-05,7778], [2.458e-05,12955], [2.457e-05,59119], [2.456e-05,30479]],
"supply": [[2.471e-05,30775], [2.472e-05,3236], [2.473e-05,3009], [2.474e-05,430], [2.475e-05,1250]],"timestamp":1583684716.798598,"currency":"XRPBTC"},{"id":106922323,
"demand": [[0.01133,2600], [0.01132,560.8], [0.01131,106512.1], [0.0113,85400], [0.01129,27.1]],
"supply": [[0.01137,132.3], [0.01139,2889], [0.0114,415.8], [0.01141,1935.2], [0.01142,2960.3]],"timestamp":1583684716.707914,"currency":"XRPBNB"},{"id":596180632,
"demand": [[0.0021634,94.13], [0.0021629,146.84], [0.0021626,1.92], [0.0021625,0.23], [0.0021623,0.24]],
"supply": [[0.0021658,0.09], [0.0021659,9.63], [0.002166,303.78], [0.0021663,175.48], [0.0021664,43.38]],"timestamp":1583684717.705734,"currency":"BNBBTC"}]}
],"arbitrages_count": 1,"without_fees_count": 11181,"all_count": 240440}