{"arbitrage_stats":[{"score": 1.000451774,"supply_gain_index": [0, 0, 0],"demand_gain_index": [0, 0, 0],"supply_gain": 0.006415197749,"demand_gain": 0,"time_delta": 0.004667999921,"pairs": [{"id":597417718,
"demand": [[2.727e-05,41104], [2.726e-05,78431], [2.725e-05,142663], [2.724e-05,89712], [2.723e-05,73588]],
"supply": [[2.729e-05,1632], [2.73e-05,48779], [2.731e-05,79272], [2.732e-05,54118], [2.733e-05,61077]],"timestamp":1586835514.925053,"currency":"XRPBTC"},{"id":115611392,
"demand": [[0.01228,14.2], [0.01227,36.3], [0.01226,43.4], [0.01225,8774.2], [0.01224,9038.3]],
"supply": [[0.01229,39180.1], [0.0123,724.5], [0.01231,724.7], [0.01232,17636.9], [0.01233,135.5]],"timestamp":1586835514.575956,"currency":"XRPBNB"},{"id":639959312,
"demand": [[0.00223,222.24], [0.0022275,200.91], [0.0022267,126.38], [0.0022266,265.28], [0.0022265,1696.67]],
"supply": [[0.0022302,135.93], [0.0022303,0.83], [0.0022304,3.31], [0.0022305,8.85], [0.0022306,7.49]],"timestamp":1586835515.668212,"currency":"BNBBTC"}]}
],"arbitrages_count": 1,"without_fees_count": 19219,"all_count": 235164}