{"arbitrage_stats":[{"score": 1.00084674,"supply_gain_index": [0, 0, 0],"demand_gain_index": [0, 0, 0],"supply_gain": 0.9966130121,"demand_gain": 0,"time_delta": 0.07539080002,"pairs": [{"id":545531219,
"demand": [[2.859e-05,42680], [2.858e-05,14804], [2.857e-05,385], [2.856e-05,70867], [2.855e-05,39340]],
"supply": [[2.861e-05,14428], [2.862e-05,27003], [2.863e-05,74171], [2.864e-05,24199], [2.865e-05,132465]],"timestamp":1582452528.293598,"currency":"XRPBTC"},{"id":104003516,
"demand": [[0.01246,1177], [0.01245,105.2], [0.01244,45.4], [0.01243,8906.1], [0.01242,19421.3]],
"supply": [[0.01247,161.4], [0.01248,3756.9], [0.01249,3601.6], [0.0125,22057.3], [0.01251,4369.7]],"timestamp":1582452527.369115,"currency":"XRPBNB"},{"id":581489637,
"demand": [[0.002305,16558.25], [0.0022951,0.22], [0.002295,0.48], [0.0022947,0.06], [0.0022937,0.14]],
"supply": [[0.0023051,4.52], [0.0023052,0.36], [0.0023053,6.38], [0.0023054,2.52], [0.0023055,0.37]],"timestamp":1582452527.502111,"currency":"BNBBTC"}]}
],"arbitrages_count": 2,"without_fees_count": 13691,"all_count": 165964}