{"arbitrage_stats":[{"score": 1.001507696,"supply_gain_index": [0, 0, 0],"demand_gain_index": [0, 0, 0],"supply_gain": 0,"demand_gain": 1.226355898,"time_delta": 0.6245176001,"pairs": [{"id":559113977,
"demand": [[2.639e-05,11480], [2.638e-05,63014], [2.637e-05,31519], [2.636e-05,64892], [2.635e-05,80400]],
"supply": [[2.64e-05,1284], [2.641e-05,6351], [2.643e-05,98458], [2.644e-05,99007], [2.645e-05,58065]],"timestamp":1583763100.037386,"currency":"XRPBTC"},{"id":107178119,
"demand": [[0.01252,416.6], [0.01251,126.2], [0.0125,4670.9], [0.01249,1957.6], [0.01248,1900]],
"supply": [[0.01254,12342.9], [0.01255,465.6], [0.01256,585.7], [0.01257,66.7], [0.01258,20440.9]],"timestamp":1583763099.823328,"currency":"XRPBNB"},{"id":597508826,
"demand": [[0.0020938,20.85], [0.0020934,171.78], [0.0020933,4.31], [0.0020932,0.29], [0.0020931,18.13]],
"supply": [[0.002095,10.2], [0.0021055,660], [0.002106,50.79], [0.0021061,245.34], [0.0021065,33.17]],"timestamp":1583763100.310979,"currency":"BNBBTC"}]}
],"arbitrages_count": 1,"without_fees_count": 8204,"all_count": 247010}