{"arbitrage_stats":[{"score": 1.000006967,"supply_gain_index": [0, 0, 0],"demand_gain_index": [0, 0, 0],"supply_gain": 3.483362839e-08,"demand_gain": 0,"time_delta": 0.01824340003,"pairs": [{"id":104716375,
"demand": [[0.037971,0.014], [0.03797,18.388], [0.037966,1.512], [0.037963,0.003], [0.037955,0.33]],
"supply": [[0.037976,0.166], [0.037977,8.234], [0.037978,5.269], [0.037979,2], [0.037983,5.269]],"timestamp":1583525632.735463,"currency":"BCHBTC"},{"id":26033364,
"demand": [[16.324,0.005], [16.314,0.001], [16.283,0.03], [16.269,0.506], [16.257,0.211]],
"supply": [[16.325,17.058], [16.327,0.492], [16.33,13.189], [16.353,0.244], [16.376,0.732]],"timestamp":1583525631.298210,"currency":"BCHBNB"},{"id":594301709,
"demand": [[0.0023334,4.28], [0.0023333,10.69], [0.0023332,88.81], [0.0023329,6.85], [0.0023328,0.05]],
"supply": [[0.0023335,0.81], [0.0023336,2.33], [0.0023339,8.16], [0.002334,467.49], [0.0023341,4.5]],"timestamp":1583525631.752577,"currency":"BNBBTC"}]}
],"arbitrages_count": 8,"without_fees_count": 8780,"all_count": 157562}