{"arbitrage_stats":[{"score": 1.000019192,"supply_gain_index": [0, 0, 0],"demand_gain_index": [0, 0, 0],"supply_gain": 0,"demand_gain": 1.439392938e-06,"time_delta": 0.0007272000657,"pairs": [{"id":189579749,
"demand": [[0.026396,1.062], [0.026381,4], [0.026375,0.044], [0.026366,0.22], [0.026357,0.394]],
"supply": [[0.026433,17.067], [0.026448,3.754], [0.026463,4], [0.026467,7.238], [0.02647,0.01]],"timestamp":1589215149.922026,"currency":"BCHBTC"},{"id":44693208,
"demand": [[15.378,2.148], [15.377,4.037], [15.376,11.244], [15.308,1.024], [15.285,5.008]],
"supply": [[15.387,0.075], [15.433,4.927], [15.444,0.124], [15.451,0.1], [15.452,0.051]],"timestamp":1589215149.113933,"currency":"BCHBNB"},{"id":665245234,
"demand": [[0.0017099,58.08], [0.0017078,140.99], [0.0017077,122.42], [0.0017076,148.62], [0.0017074,2.67]],
"supply": [[0.0017103,323.45], [0.0017116,181.23], [0.0017118,52.45], [0.0017119,5.47], [0.001712,2.58]],"timestamp":1589215150.205615,"currency":"BNBBTC"}]}
],"arbitrages_count": 2,"without_fees_count": 16325,"all_count": 236074}