{"arbitrage_stats":[{"score": 1.000008774,"supply_gain_index": [0, 0, 0],"demand_gain_index": [0, 0, 0],"supply_gain": 8.773618475e-09,"demand_gain": 0,"time_delta": 0.1585304,"pairs": [{"id":110758603,
"demand": [[0.033891,14], [0.033889,2.225], [0.033888,1.246], [0.033887,5.342], [0.033882,0.422]],
"supply": [[0.033896,5.016], [0.033919,2], [0.033921,2.397], [0.033923,2], [0.033925,2.017]],"timestamp":1583920775.139032,"currency":"BCHBTC"},{"id":27406311,
"demand": [[16.132,0.001], [16.09,0.224], [16.089,0.008], [16.084,0.098], [16.076,0.466]],
"supply": [[16.133,24.212], [16.138,10.954], [16.143,10.954], [16.162,0.123], [16.173,0.123]],"timestamp":1583920775.982127,"currency":"BCHBNB"},{"id":599655727,
"demand": [[0.0021075,3.08], [0.0021074,67.41], [0.0021073,50], [0.0021071,10], [0.0021062,88.81]],
"supply": [[0.0021079,135.39], [0.002108,53.76], [0.0021084,1.4], [0.0021085,7.66], [0.0021086,0.85]],"timestamp":1583920775.470978,"currency":"BNBBTC"}]}
],"arbitrages_count": 6,"without_fees_count": 16518,"all_count": 245049}