{"arbitrage_stats":[{"score": 1.000060491,"supply_gain_index": [0, 0, 0],"demand_gain_index": [0, 0, 0],"supply_gain": 0,"demand_gain": 2.419639627e-07,"time_delta": 0.02953880001,"pairs": [{"id":157706044,
"demand": [[0.034193,1.373], [0.034192,1.066], [0.034164,34.763], [0.034163,1.41], [0.034145,3.968]],
"supply": [[0.03425,9.692], [0.034251,0.004], [0.034254,0.009], [0.034255,0.005], [0.034258,0.147]],"timestamp":1586631466.244902,"currency":"BCHBTC"},{"id":38055455,
"demand": [[16.909,5.008], [16.908,2.311], [16.849,0.029], [16.84,20], [16.837,0.292]],
"supply": [[16.935,0.004], [16.938,0.013], [16.943,0.224], [16.947,0.033], [16.949,0.049]],"timestamp":1586631465.259194,"currency":"BCHBNB"},{"id":637252206,
"demand": [[0.0020116,148.73], [0.0020115,9.99], [0.0020114,130.54], [0.0020113,1472], [0.0020112,4.94]],
"supply": [[0.0020129,0.99], [0.002013,71.72], [0.0020131,52.57], [0.0020132,5.13], [0.0020133,0.49]],"timestamp":1586631466.030155,"currency":"BNBBTC"}]}
],"arbitrages_count": 1,"without_fees_count": 14320,"all_count": 239559}