{"arbitrage_stats":[{"score": 1.000229173,"supply_gain_index": [0, 0, 0],"demand_gain_index": [0, 0, 0],"supply_gain": 0,"demand_gain": 0.0001100031343,"time_delta": 0.04236049997,"pairs": [{"id":632440015,
"demand": [[18.85,11173.69], [18.8357,2.08], [18.7993,5.32], [18.7879,802], [18.7727,879]],
"supply": [[18.8524,127.95], [18.8525,3.71], [18.8543,46.91], [18.8545,4.26], [18.855,30.35]],"timestamp":1582795530.373864,"currency":"BNBUSDT"},{"id":252932367,
"demand": [[0.081978,0.24], [0.081956,50.55], [0.081949,106], [0.081933,12.2], [0.08191,81.2]],
"supply": [[0.082031,0.48], [0.082121,0.06], [0.08213,0.21], [0.082132,0.28], [0.08214,159.89]],"timestamp":1582795529.839271,"currency":"BNBETH"},{"id":1303604761,
"demand": [[229.02,1.88729], [229.01,4.54198], [229,15.00028], [228.99,7.63544], [228.98,1.88725]],
"supply": [[229.05,1.25399], [229.09,31.63057], [229.1,3.47486], [229.11,7.51856], [229.12,10]],"timestamp":1582795530.811400,"currency":"ETHUSDT"}]}
],"arbitrages_count": 2,"without_fees_count": 20304,"all_count": 145071}