{"arbitrage_stats":[{"score": 1.000231927,"supply_gain_index": [0, 0, 0],"demand_gain_index": [0, 0, 0],"supply_gain": 0.003866222366,"demand_gain": 0,"time_delta": 0.6974591999,"pairs": [{"id":654403310,
"demand": [[16.3977,22.16], [16.3976,4.88], [16.3975,2.83], [16.3942,1.05], [16.3906,199.3]],
"supply": [[16.4,16.67], [16.472,33.17], [16.4724,151.09], [16.4731,30.41], [16.474,824.31]],"timestamp":1583763079.287539,"currency":"BNBUSDT"},{"id":257012876,
"demand": [[0.08184,29.49], [0.081839,86.96], [0.081833,36.46], [0.081794,6.02], [0.081774,29.49]],
"supply": [[0.081912,0.24], [0.081959,62.71], [0.082013,0.04], [0.082032,65], [0.0821,8.77]],"timestamp":1583763078.859685,"currency":"BNBETH"},{"id":1378546570,
"demand": [[201.04,8.24279], [201.01,7.63892], [201,63.78511], [200.99,37.35581], [200.98,0.9099]],
"supply": [[201.08,0.00089], [201.09,17.32369], [201.12,16.08296], [201.13,2.4], [201.14,6]],"timestamp":1583763079.276302,"currency":"ETHUSDT"}]}
],"arbitrages_count": 1,"without_fees_count": 31941,"all_count": 255440}