{"arbitrage_stats":[{"score": 1.002618439,"supply_gain_index": [0, 0, 0],"demand_gain_index": [0, 4, 0],"supply_gain": 0,"demand_gain": 0.2966429626,"time_delta": 0.6692738,"pairs": [{"id":788367707,
"demand": [[15.3849,1414.82], [15.3801,244.71], [15.375,101.9], [15.37,84], [15.3591,1790]],
"supply": [[15.4014,7.07], [15.443,29.86], [15.4499,160.93], [15.45,282.4], [15.468,29.86]],"timestamp":1586835515.269458,"currency":"BNBUSDT"},{"id":272459257,
"demand": [[0.096745,175.86], [0.096744,16.91], [0.096742,32.69], [0.096741,60.01], [0.096739,44.97]],
"supply": [[0.096897,0.12], [0.096909,2.06], [0.096942,5.99], [0.096943,12.64], [0.096944,113.29]],"timestamp":1586835514.894373,"currency":"BNBETH"},{"id":1683918025,
"demand": [[157.76,67.55905], [157.75,60], [157.74,21.20663], [157.73,89.47904], [157.72,25.16907]],
"supply": [[157.81,65.86508], [157.82,47.46749], [157.83,3.17007], [157.84,27.78694], [157.85,36.05283]],"timestamp":1586835514.923532,"currency":"ETHUSDT"}]}
],"arbitrages_count": 1,"without_fees_count": 46886,"all_count": 256028}