{"arbitrage_stats":[{"score": 1.000177802,"supply_gain_index": [0, 0, 0],"demand_gain_index": [0, 0, 0],"supply_gain": 0,"demand_gain": 0.0002435893707,"time_delta": 0.1395736,"pairs": [{"id":812822480,
"demand": [[15.1,2723.08], [15.0509,35.94], [15.0501,15], [15.05,112.72], [15.047,31.36]],
"supply": [[15.1016,13.24], [15.1018,4.26], [15.102,3.38], [15.1029,5.02], [15.1033,1.96]],"timestamp":1587427392.148248,"currency":"BNBUSDT"},{"id":276117078,
"demand": [[0.088016,263.76], [0.088015,97.61], [0.08801,18.87], [0.088008,45.46], [0.087992,45.49]],
"supply": [[0.088163,1.37], [0.08817,0.73], [0.088172,1.07], [0.088178,0.87], [0.088183,0.23]],"timestamp":1587427391.282822,"currency":"BNBETH"},{"id":1747572852,
"demand": [[170.63,6.87262], [170.61,5.671], [170.58,5.00085], [170.57,36], [170.55,7.96511]],
"supply": [[170.73,1.21997], [170.74,5.55023], [170.76,23.17806], [170.77,145], [170.78,11.33612]],"timestamp":1587427391.941316,"currency":"ETHUSDT"}]}
],"arbitrages_count": 1,"without_fees_count": 39821,"all_count": 255155}