{"arbitrage_stats":[{"score": 1.000128213,"supply_gain_index": [0, 0, 0],"demand_gain_index": [0, 0, 0],"supply_gain": 0,"demand_gain": 1.282133387e-07,"time_delta": 0.06092119997,"pairs": [{"id":955507522,
"demand": [[39.72,259.49768], [39.71,141.63043], [39.7,230.93958], [39.69,192.83222], [39.68,79.2]],
"supply": [[39.73,64.62488], [39.74,17.94586], [39.75,148.77111], [39.76,109.97837], [39.77,104.99099]],"timestamp":1586991757.116822,"currency":"LTCUSDT"},{"id":115074445,
"demand": [[2.692,3.871], [2.689,0.236], [2.688,1.521], [2.687,0.297], [2.686,0.087]],
"supply": [[2.696,0.001], [2.703,1.753], [2.704,1.114], [2.706,0.695], [2.708,2.29]],"timestamp":1586991756.110231,"currency":"LTCBNB"},{"id":796004322,
"demand": [[14.6865,9.59], [14.6845,6.9], [14.6515,30.77], [14.63,4.35], [14.6246,25.04]],
"supply": [[14.6869,15.42], [14.687,64.47], [14.69,138.66], [14.6969,0.73], [14.6979,26.72]],"timestamp":1586991756.603123,"currency":"BNBUSDT"}]}
],"arbitrages_count": 1,"without_fees_count": 43633,"all_count": 228609}