{"arbitrage_stats":[{"score": 1.001126029,"supply_gain_index": [0, 4, 0],"demand_gain_index": [0, 0, 0],"supply_gain": 0.001925509416,"demand_gain": 0,"time_delta": 0.3534455,"pairs": [{"id":982373734,
"demand": [[44,212.78907], [43.99,150.33526], [43.98,188.53955], [43.97,173.63657], [43.96,101.8455]],
"supply": [[44.01,11.83208], [44.02,127.06162], [44.03,110.60623], [44.04,334.87116], [44.05,144.03594]],"timestamp":1587730679.100423,"currency":"LTCUSDT"},{"id":116337882,
"demand": [[2.766,0.524], [2.765,0.813], [2.764,0.524], [2.763,0.813], [2.762,1.71]],
"supply": [[2.774,1.187], [2.775,64.018], [2.776,173.819], [2.777,24.305], [2.778,19.609]],"timestamp":1587730678.543968,"currency":"LTCBNB"},{"id":828561038,
"demand": [[16,12876.98], [15.9904,30], [15.9849,151.09], [15.9454,1184], [15.9381,152.52]],
"supply": [[16.0001,57.96], [16.001,0.98], [16.0016,0.75], [16.0017,47.51], [16.0044,40.26]],"timestamp":1587730679.184267,"currency":"BNBUSDT"}]}
],"arbitrages_count": 1,"without_fees_count": 33013,"all_count": 224667}