{"arbitrage_stats":[{"score": 1.000596577,"supply_gain_index": [0, 0, 0],"demand_gain_index": [0, 0, 0],"supply_gain": 0,"demand_gain": 5.428846454e-05,"time_delta": 0.7189533999,"pairs": [{"id":983985134,
"demand": [[44.67,188.7648], [44.66,2.45774], [44.63,1845.70127], [44.62,11.23974], [44.54,19.99999]],
"supply": [[44.68,2.30685], [44.69,3.37858], [44.7,600.0153], [44.71,246.46939], [44.72,34.30027]],"timestamp":1587789085.067717,"currency":"LTCUSDT"},{"id":116437609,
"demand": [[2.8,30], [2.799,74.187], [2.797,30], [2.79,2.26], [2.788,0.087]],
"supply": [[2.801,0.091], [2.808,1.167], [2.809,55.424], [2.81,0.244], [2.811,0.675]],"timestamp":1587789084.787276,"currency":"LTCBNB"},{"id":831355958,
"demand": [[15.8812,18.87], [15.8811,25.04], [15.881,5.35], [15.8809,51.79], [15.88,19.02]],
"supply": [[15.8906,21.66], [15.8907,10.37], [15.8908,413.83], [15.892,1], [15.8924,6.28]],"timestamp":1587789084.814290,"currency":"BNBUSDT"}]}
],"arbitrages_count": 1,"without_fees_count": 27811,"all_count": 192392}