{"arbitrage_stats":[{"score": 1.000384202,"supply_gain_index": [0, 0, 0],"demand_gain_index": [0, 1, 0],"supply_gain": 0,"demand_gain": 0.0001148765168,"time_delta": 0.1625539999,"pairs": [{"id":961225628,
"demand": [[42.03,48.50091], [42.02,48.1719], [42.01,17.20668], [42,372.84987], [41.99,123.57396]],
"supply": [[42.05,147.78338], [42.06,60.7598], [42.07,120.64539], [42.08,162.40524], [42.09,655.76926]],"timestamp":1587111191.343693,"currency":"LTCUSDT"},{"id":115361394,
"demand": [[2.669,27.388], [2.668,0.114], [2.666,55], [2.665,0.342], [2.664,0.438]],
"supply": [[2.672,0.009], [2.674,0.299], [2.677,19.989], [2.679,1.256], [2.68,30]],"timestamp":1587111190.692973,"currency":"LTCBNB"},{"id":800919732,
"demand": [[15.6638,22.15], [15.6595,38.39], [15.65,2.69], [15.6499,21.96], [15.6467,11.08]],
"supply": [[15.6649,132.87], [15.6812,11.08], [15.6827,36.42], [15.6836,32.02], [15.6969,93.61]],"timestamp":1587111191.549772,"currency":"BNBUSDT"}]}
],"arbitrages_count": 1,"without_fees_count": 36234,"all_count": 223257}