{"arbitrage_stats":[{"score": 1.000016604,"supply_gain_index": [0, 0, 0],"demand_gain_index": [0, 0, 0],"supply_gain": 0,"demand_gain": 8.113241254e-05,"time_delta": 0.1147288,"pairs": [{"id":872532846,
"demand": [[40.25,10.02881], [40.24,5.32297], [40.23,1.42353], [40.22,119.8955], [40.21,16.05]],
"supply": [[40.34,0.49615], [40.35,4.58226], [40.36,20.19108], [40.37,10.15692], [40.38,13.41683]],"timestamp":1585039202.292245,"currency":"LTCUSDT"},{"id":110793243,
"demand": [[3.24,49.74], [3.239,8.867], [3.238,105.673], [3.237,9.942], [3.236,6.42]],
"supply": [[3.252,7.88], [3.253,6.333], [3.254,13.471], [3.255,1.012], [3.256,2.342]],"timestamp":1585039201.407369,"currency":"LTCBNB"},{"id":698563077,
"demand": [[12.3298,55.94], [12.3293,3], [12.3292,165.85], [12.3285,423.87], [12.3273,64.25]],
"supply": [[12.3397,15.89], [12.3433,3], [12.3434,151.09], [12.3441,11.7], [12.3442,55.6]],"timestamp":1585039201.859227,"currency":"BNBUSDT"}]}
],"arbitrages_count": 1,"without_fees_count": 37734,"all_count": 239531}