{"arbitrage_stats":[{"score": 1.000686371,"supply_gain_index": [0, 0, 0],"demand_gain_index": [0, 0, 0],"supply_gain": 0.001713182492,"demand_gain": 0,"time_delta": 0.4211103,"pairs": [{"id":716987854,
"demand": [[68.33,80.22485], [68.32,3.30279], [68.31,58.56169], [68.3,9.11107], [68.29,8.91409]],
"supply": [[68.4,250.73898], [68.41,75.92624], [68.42,199.1885], [68.43,49.15061], [68.44,39.0502]],"timestamp":1582219080.138394,"currency":"LTCUSDT"},{"id":101829276,
"demand": [[3.142,2.496], [3.141,0.136], [3.139,0.637], [3.137,5.5], [3.135,0.24]],
"supply": [[3.146,0.091], [3.149,8.962], [3.15,0.197], [3.152,50], [3.153,0.217]],"timestamp":1582219080.104247,"currency":"LTCBNB"},{"id":619479296,
"demand": [[21.85,60940.69], [21.8115,98.02], [21.7941,721], [21.7816,754], [21.7722,718]],
"supply": [[21.8512,143.92], [21.8513,34.61], [21.852,0.72], [21.8564,30.78], [21.8571,16.85]],"timestamp":1582219080.682036,"currency":"BNBUSDT"}]}
],"arbitrages_count": 1,"without_fees_count": 17506,"all_count": 202543}