{"arbitrage_stats":[{"score": 1.000321542,"supply_gain_index": [0, 0, 0],"demand_gain_index": [0, 0, 0],"supply_gain": 0,"demand_gain": 1.929249544e-05,"time_delta": 0.08185159997,"pairs": [{"id":979388678,
"demand": [[43.54,12.63205], [43.53,60], [43.5,17.66623], [43.49,476.56739], [43.48,45.85974]],
"supply": [[43.57,8.30933], [43.58,3.59798], [43.59,48.77453], [43.6,5.09249], [43.63,0.39489]],"timestamp":1587651834.468273,"currency":"LTCUSDT"},{"id":116193971,
"demand": [[2.655,78.786], [2.654,0.323], [2.653,0.301], [2.652,11.069], [2.651,0.301]],
"supply": [[2.667,0.06], [2.668,0.132], [2.669,0.466], [2.67,0.554], [2.671,0.465]],"timestamp":1587651833.663077,"currency":"LTCBNB"},{"id":824571510,
"demand": [[16.2576,0.63], [16.2572,65.45], [16.2484,5.35], [16.2479,20.28], [16.2466,64.03]],
"supply": [[16.2713,30.89], [16.2815,232.6], [16.282,34.95], [16.2985,147.49], [16.299,43.79]],"timestamp":1587651834.060738,"currency":"BNBUSDT"}]}
],"arbitrages_count": 1,"without_fees_count": 27802,"all_count": 220951}