{"arbitrage_stats":[{"score": 1.000033919,"supply_gain_index": [0, 0, 0],"demand_gain_index": [0, 0, 0],"supply_gain": 2.035133794e-07,"demand_gain": 0,"time_delta": 0.2788183,"pairs": [{"id":898897626,
"demand": [[38.86,37.34463], [38.85,113.14653], [38.84,24.97305], [38.83,189.26947], [38.82,220.82696]],
"supply": [[38.87,230], [38.88,87.57844], [38.89,60], [38.9,64.45296], [38.91,48.64228]],"timestamp":1585613038.063160,"currency":"LTCUSDT"},{"id":112208154,
"demand": [[3.206,0.006], [3.205,0.007], [3.197,0.034], [3.195,0.134], [3.194,6.013]],
"supply": [[3.207,30.821], [3.208,0.042], [3.209,11.27], [3.211,11.67], [3.212,0.066]],"timestamp":1585613037.744485,"currency":"LTCBNB"},{"id":721828173,
"demand": [[12.161,52.57], [12.1607,105.93], [12.1606,2.06], [12.1594,15], [12.1521,8.88]],
"supply": [[12.1698,52.39], [12.1701,151.09], [12.1712,236.79], [12.1729,143.21], [12.1733,19.64]],"timestamp":1585613037.341912,"currency":"BNBUSDT"}]}
],"arbitrages_count": 1,"without_fees_count": 44508,"all_count": 229981}