{"arbitrage_stats":[{"score": 1.000226558,"supply_gain_index": [0, 0, 0],"demand_gain_index": [0, 0, 0],"supply_gain": 0,"demand_gain": 0.001909200252,"time_delta": 0.1702482,"pairs": [{"id":1031512005,
"demand": [[47.66,146.14024], [47.65,126.80388], [47.64,167.0813], [47.63,350.49374], [47.62,1639.85526]],
"supply": [[47.67,91.13536], [47.68,95.4448], [47.69,158.18748], [47.7,229.05014], [47.71,225.335]],"timestamp":1588969008.124800,"currency":"LTCUSDT"},{"id":118035370,
"demand": [[2.756,0.531], [2.755,230.548], [2.754,3.907], [2.753,18.997], [2.752,19.871]],
"supply": [[2.762,8.427], [2.763,17.048], [2.764,1.56], [2.768,63.87], [2.769,0.05]],"timestamp":1588969007.849530,"currency":"LTCBNB"},{"id":889955805,
"demand": [[17.1999,3.5], [17.1998,74.64], [17.1997,72.71], [17.19,5.78], [17.188,133.58]],
"supply": [[17.2,32182.73], [17.2075,151.09], [17.2122,49.92], [17.2125,153.56], [17.219,4.5]],"timestamp":1588969008.678666,"currency":"BNBUSDT"}]}
],"arbitrages_count": 1,"without_fees_count": 43019,"all_count": 225541}