{"arbitrage_stats":[{"score": 1.000076501,"supply_gain_index": [0, 0, 0],"demand_gain_index": [0, 0, 0],"supply_gain": 0,"demand_gain": 6.120114888e-07,"time_delta": 0.2366897999,"pairs": [{"id":894061341,
"demand": [[37.37,6.12363], [37.36,9.03952], [37.35,49.88237], [37.34,20], [37.33,80]],
"supply": [[37.38,0.00417], [37.39,19.38441], [37.41,5.26766], [37.42,118.69736], [37.43,36]],"timestamp":1585511014.177631,"currency":"LTCUSDT"},{"id":111970051,
"demand": [[3.255,4.28], [3.254,15.846], [3.253,5.934], [3.252,1.234], [3.251,15.846]],
"supply": [[3.256,0.008], [3.259,0.033], [3.263,0.5], [3.266,1.301], [3.267,0.628]],"timestamp":1585511013.897067,"currency":"LTCBNB"},{"id":716315160,
"demand": [[11.4407,15.02], [11.4385,39.42], [11.4312,14.81], [11.4303,244.71], [11.4276,29.12]],
"supply": [[11.442,0.97], [11.4544,139.18], [11.4545,15.5], [11.4553,40.14], [11.4565,0.97]],"timestamp":1585511013.419245,"currency":"BNBUSDT"}]}
],"arbitrages_count": 1,"without_fees_count": 40980,"all_count": 230334}