{"arbitrage_stats":[{"score": 1.000329946,"supply_gain_index": [0, 0, 0],"demand_gain_index": [0, 0, 0],"supply_gain": 0,"demand_gain": 0.0004606044561,"time_delta": 0.04282049998,"pairs": [{"id":806132043,
"demand": [[47.32,8.19976], [47.29,0.42247], [47.28,10.78555], [47.27,37.18586], [47.26,11.064]],
"supply": [[47.34,20.09275], [47.36,15.61908], [47.37,37.67676], [47.38,9.72312], [47.39,16]],"timestamp":1583768541.530368,"currency":"LTCUSDT"},{"id":105843170,
"demand": [[3.001,4.558], [3,0.974], [2.995,14.944], [2.994,13.271], [2.993,10.35]],
"supply": [[3.002,1.396], [3.003,0.855], [3.004,2.017], [3.005,0.951], [3.006,26.765]],"timestamp":1583768540.575094,"currency":"LTCBNB"},{"id":654643796,
"demand": [[15.7017,69.55], [15.7016,33.8], [15.7011,10], [15.7007,5.35], [15.7006,5.35]],
"supply": [[15.7104,17.18], [15.7119,10], [15.7227,7.41], [15.7256,54.63], [15.729,100]],"timestamp":1583768541.158117,"currency":"BNBUSDT"}]}
],"arbitrages_count": 1,"without_fees_count": 19176,"all_count": 250746}