{"arbitrage_stats":[{"score": 1.000509625,"supply_gain_index": [3, 0, 1],"demand_gain_index": [0, 0, 0],"supply_gain": 0.07699928882,"demand_gain": 0,"time_delta": 0.0897441,"pairs": [{"id":624075568,
"demand": [[22.7006,10.78], [22.6994,21.96], [22.6962,5], [22.6956,24.02], [22.6954,613]],
"supply": [[22.7264,54.92], [22.7277,21.62], [22.7292,35.31], [22.7293,151.09], [22.7362,132.14]],"timestamp":1582452526.577171,"currency":"BNBUSDT"},{"id":581489637,
"demand": [[0.002305,16558.25], [0.0022951,0.22], [0.002295,0.48], [0.0022947,0.06], [0.0022937,0.14]],
"supply": [[0.0023051,4.52], [0.0023052,0.36], [0.0023053,6.38], [0.0023054,2.52], [0.0023055,0.37]],"timestamp":1582452527.502111,"currency":"BNBBTC"},{"id":2206659344,
"demand": [[9895.59,0.088247], [9895.55,2], [9895.54,0.088247], [9895.52,0.131697], [9895.36,0.048195]],
"supply": [[9896.95,0.5], [9896.96,0.094365], [9896.97,2], [9897.03,2], [9897.8,0.141068]],"timestamp":1582452526.734190,"currency":"BTCUSDT"}]}
],"arbitrages_count": 1,"without_fees_count": 21592,"all_count": 175205}