{"arbitrage_stats":[{"score": 1.000020403,"supply_gain_index": [0, 0, 0],"demand_gain_index": [0, 0, 0],"supply_gain": 0.0002062707435,"demand_gain": 0,"time_delta": 0.3787511,"pairs": [{"id":618979767,
"demand": [[21.7998,156.41], [21.7997,1000], [21.7996,1000.69], [21.7995,1000], [21.7985,0.46]],
"supply": [[21.8,11482.75], [21.8705,28.42], [21.871,505.69], [21.8716,3.05], [21.872,4.84]],"timestamp":1582201054.375726,"currency":"BNBUSDT"},{"id":578877139,
"demand": [[0.0022789,10.11], [0.0022788,17.5], [0.0022778,90], [0.0022769,100], [0.0022768,707]],
"supply": [[0.0022796,12.84], [0.0022797,3.7], [0.0022798,66.34], [0.0022799,2.74], [0.0022806,4.58]],"timestamp":1582201054.075743,"currency":"BNBBTC"},{"id":2159231270,
"demand": [[9594.97,0.101855], [9594.96,0.075799], [9594.92,2.5], [9594.91,0.092515], [9594.84,2]],
"supply": [[9596.82,1], [9597.26,0.017861], [9597.56,0.5], [9597.57,0.4], [9597.59,0.20899]],"timestamp":1582201054.697585,"currency":"BTCUSDT"}]}
],"arbitrages_count": 1,"without_fees_count": 16764,"all_count": 220764}