{"arbitrage_stats":[{"score": 1.000107638,"supply_gain_index": [0, 1, 0],"demand_gain_index": [0, 0, 0],"supply_gain": 0.0001485406801,"demand_gain": 0,"time_delta": 0.209542,"pairs": [{"id":648116391,
"demand": [[21.405,18.09], [21.4,270.88], [21.3999,2.86], [21.3998,60.38], [21.3982,2.36]],
"supply": [[21.4092,1373.85], [21.4139,0.93], [21.4154,560.77], [21.4166,561.23], [21.4228,9371.12]],"timestamp":1583490855.100247,"currency":"BNBUSDT"},{"id":593899648,
"demand": [[0.0023563,0.05], [0.0023562,1.38], [0.002356,0.09], [0.0023556,1.92], [0.0023555,25]],
"supply": [[0.0023598,11.09], [0.0023599,100], [0.0023601,156.29], [0.0023602,42.7], [0.0023603,37.45]],"timestamp":1583490854.277066,"currency":"BNBBTC"},{"id":2434018862,
"demand": [[9114.62,0.287579], [9114.61,0.332304], [9114.56,0.330296], [9113.94,0.5], [9113.92,0.726513]],
"supply": [[9116.95,0.43575], [9116.96,1.8], [9116.98,0.507951], [9117.01,0.019467], [9117.04,0.072491]],"timestamp":1583490854.786928,"currency":"BTCUSDT"}]}
],"arbitrages_count": 1,"without_fees_count": 32235,"all_count": 171412}