{"arbitrage_stats":[{"score": 1.001436244,"supply_gain_index": [0, 3, 0],"demand_gain_index": [0, 0, 0],"supply_gain": 1.059143612,"demand_gain": 0,"time_delta": 0.3954910999,"pairs": [{"id":771178615,
"demand": [[14.6991,53.13], [14.6985,39.9], [14.6962,105.12], [14.69,284.83], [14.6886,162.57]],
"supply": [[14.728,1499.51], [14.795,0.97], [14.8114,36.69], [14.8188,163.14], [14.8189,80]],"timestamp":1586488791.259585,"currency":"BNBUSDT"},{"id":635664104,
"demand": [[0.0020453,36.2], [0.0020452,6.04], [0.0020451,14.37], [0.002045,737.44], [0.0020448,189.64]],
"supply": [[0.0020478,13.32], [0.0020486,4.25], [0.0020489,1299], [0.0020491,395.28], [0.0020492,320.56]],"timestamp":1586488791.083034,"currency":"BNBBTC"},{"id":3222989660,
"demand": [[7233.98,5.297363], [7232.99,0.061061], [7232.25,0.074834], [7232.24,0.5], [7232.18,0.000544]],
"supply": [[7234.05,0.020735], [7234.06,0.003377], [7234.09,2.336113], [7234.1,4], [7234.41,4]],"timestamp":1586488791.685503,"currency":"BTCUSDT"}]}
],"arbitrages_count": 2,"without_fees_count": 65664,"all_count": 258451}