{"arbitrage_stats":[{"score": 1.000284633,"supply_gain_index": [0, 0, 0],"demand_gain_index": [0, 1, 0],"supply_gain": 0,"demand_gain": 0.001460169042,"time_delta": 0.2004161,"pairs": [{"id":856156383,
"demand": [[17.4036,88.16], [17.4016,9.19], [17.4015,1.37], [17.4013,2.87], [17.4008,0.77]],
"supply": [[17.4045,107.99], [17.4048,5.31], [17.4078,27.52], [17.4082,3.03], [17.4083,1692]],"timestamp":1588336344.526124,"currency":"BNBUSDT"},{"id":656190974,
"demand": [[0.00196,18.31], [0.0019599,129.06], [0.0019598,62.03], [0.0019597,5.47], [0.0019591,1453]],
"supply": [[0.0019603,2.64], [0.0019605,5.13], [0.0019606,1.71], [0.0019607,7.16], [0.0019609,4.93]],"timestamp":1588336343.980907,"currency":"BNBBTC"},{"id":3609825509,
"demand": [[8844.01,0.214402], [8843.83,0.080849], [8842.86,0.063698], [8841.91,0.153365], [8841.81,0.303]],
"supply": [[8848,3.802082], [8849,0.103525], [8849.66,0.022511], [8850,13.306766], [8851,0.13377]],"timestamp":1588336344.691711,"currency":"BTCUSDT"}]}
],"arbitrages_count": 1,"without_fees_count": 76598,"all_count": 258565}