{"arbitrage_stats":[{"score": 1.00022478,"supply_gain_index": [0, 0, 0],"demand_gain_index": [0, 0, 0],"supply_gain": 0,"demand_gain": 0.002447859132,"time_delta": 0.04145550006,"pairs": [{"id":804497811,
"demand": [[16.37,70.55], [16.3697,12.1], [16.3691,0.63], [16.3684,0.91], [16.3673,0.91]],
"supply": [[16.3863,2490.25], [16.3895,470.6], [16.39,207.84], [16.4,20.1], [16.4017,74.75]],"timestamp":1587225667.448162,"currency":"BNBUSDT"},{"id":644552067,
"demand": [[0.002274,3.06], [0.0022739,128.47], [0.0022734,120.24], [0.0022727,129.67], [0.0022726,1555.02]],
"supply": [[0.0022742,10.89], [0.002275,133.16], [0.0022751,0.2], [0.0022752,0.87], [0.0022753,4.15]],"timestamp":1587225666.627068,"currency":"BNBBTC"},{"id":3376887094,
"demand": [[7170.78,0.3677], [7170.01,0.04928], [7169.8,0.073451], [7169.49,0.131025], [7169.24,0.102887]],
"supply": [[7174.95,0.157764], [7175.52,0.291], [7176,0.478103], [7177,1.208712], [7177.09,0.396]],"timestamp":1587225667.556013,"currency":"BTCUSDT"}]}
],"arbitrages_count": 1,"without_fees_count": 67644,"all_count": 257511}