{"arbitrage_stats":[{"score": 1.000171655,"supply_gain_index": [0, 0, 0],"demand_gain_index": [0, 1, 0],"supply_gain": 0,"demand_gain": 3.776415211e-05,"time_delta": 0.0314793,"pairs": [{"id":632440015,
"demand": [[18.85,11173.69], [18.8357,2.08], [18.7993,5.32], [18.7879,802], [18.7727,879]],
"supply": [[18.8524,127.95], [18.8525,3.71], [18.8543,46.91], [18.8545,4.26], [18.855,30.35]],"timestamp":1582795530.373864,"currency":"BNBUSDT"},{"id":585542714,
"demand": [[0.0021286,6.87], [0.0021285,100.58], [0.0021284,94], [0.0021283,9.03], [0.002128,110]],
"supply": [[0.0021306,0.07], [0.0021307,0.22], [0.0021316,12.27], [0.0021317,605], [0.002132,743.96]],"timestamp":1582795529.384669,"currency":"BNBBTC"},{"id":2283045047,
"demand": [[8818.81,0.06032], [8818.69,0.3315], [8818.68,2], [8818.67,0.101601], [8818.54,0.42525]],
"supply": [[8818.83,0.042332], [8819.97,0.4935], [8819.98,0.167664], [8820,7.400653], [8820.86,0.4]],"timestamp":1582795529.481596,"currency":"BTCUSDT"}]}
],"arbitrages_count": 1,"without_fees_count": 9600,"all_count": 148923}