{"arbitrage_stats":[{"score": 1.001527112,"supply_gain_index": [0, 0, 1],"demand_gain_index": [0, 0, 0],"supply_gain": 0.3695612035,"demand_gain": 0,"time_delta": 0.1507166,"pairs": [{"id":873957888,
"demand": [[16.9999,136.79], [16.9709,43.8], [16.9595,6.41], [16.9594,30.36], [16.9591,2.79]],
"supply": [[17,8009.4], [17.0011,191.2], [17.0145,151.09], [17.0329,41.73], [17.0415,52.72]],"timestamp":1588670595.947802,"currency":"BNBUSDT"},{"id":659339463,
"demand": [[0.001898,242], [0.0018979,6.62], [0.0018977,101.74], [0.0018975,9.37], [0.0018974,12.1]],
"supply": [[0.0018992,10.12], [0.0018995,1.47], [0.0018996,13.35], [0.0018998,0.68], [0.0018999,105.33]],"timestamp":1588670595.077514,"currency":"BNBBTC"},{"id":3695936439,
"demand": [[8997.45,0.422685], [8997.44,0.5], [8996.02,1.265012], [8996.01,0.701078], [8996,4.175439]],
"supply": [[9000.01,1], [9000.13,0.178106], [9000.16,0.171655], [9000.17,0.501], [9000.28,0.003]],"timestamp":1588670595.669422,"currency":"BTCUSDT"}]}
],"arbitrages_count": 1,"without_fees_count": 69312,"all_count": 257343}