{"arbitrage_stats":[{"score": 1.000141801,"supply_gain_index": [0, 0, 0],"demand_gain_index": [0, 0, 0],"supply_gain": 0.06115879507,"demand_gain": 0,"time_delta": 0.005650999956,"pairs": [{"id":314645368,
"demand": [[0.0010423,11], [0.00104221,15], [0.0010422,122], [0.00104198,4195], [0.00104182,2300]],
"supply": [[0.00104245,779], [0.00104382,569], [0.00104644,15000], [0.00104645,2927], [0.00104655,838]],"timestamp":1588146529.503615,"currency":"XRPETH"},{"id":117754115,
"demand": [[0.01292,431.3], [0.01291,9533], [0.0129,17574.2], [0.01289,31287.5], [0.01288,1196.3]],
"supply": [[0.01293,53318.9], [0.01294,431.3], [0.01295,20431.6], [0.01296,15091.4], [0.01297,3398.5]],"timestamp":1588146528.507996,"currency":"XRPBNB"},{"id":279502889,
"demand": [[0.080939,8.22], [0.080935,0.31], [0.080916,19.93], [0.080915,0.25], [0.080912,58]],
"supply": [[0.081045,8.56], [0.081046,1.46], [0.081047,16.05], [0.081053,19.92], [0.081054,95.62]],"timestamp":1588146529.438001,"currency":"BNBETH"}]}
],"arbitrages_count": 1,"without_fees_count": 412,"all_count": 228538}