{"arbitrage_stats":[{"score": 1.00021339,"supply_gain_index": [0, 0, 0],"demand_gain_index": [2, 0, 0],"supply_gain": 0,"demand_gain": 0.009794591859,"time_delta": 0.005272099981,"pairs": [{"id":284618638,
"demand": [[0.00102025,10], [0.00102003,11], [0.00102,1003], [0.00101945,5047], [0.00101939,50]],
"supply": [[0.00102296,230], [0.001023,532], [0.00102307,7181], [0.00102309,3589], [0.00102311,3583]],"timestamp":1582607996.047705,"currency":"XRPETH"},{"id":104320739,
"demand": [[0.01234,423.4], [0.01233,8.9], [0.01232,2380.6], [0.01231,5146.5], [0.0123,21819.3]],
"supply": [[0.01235,45.9], [0.01236,179.3], [0.01238,18868.7], [0.01239,202.9], [0.0124,4750.4]],"timestamp":1582607994.962208,"currency":"XRPBNB"},{"id":252044521,
"demand": [[0.082325,92.23], [0.082256,130.65], [0.082255,16.41], [0.082254,5], [0.082252,10.9]],
"supply": [[0.082326,17.77], [0.082338,81], [0.08242,0.06], [0.082428,103], [0.082488,79]],"timestamp":1582607995.592247,"currency":"BNBETH"}]}
],"arbitrages_count": 1,"without_fees_count": 708,"all_count": 138963}