{"arbitrage_stats":[{"score": 1.001064389,"supply_gain_index": [0, 0, 0],"demand_gain_index": [0, 0, 0],"supply_gain": 0,"demand_gain": 0.08834430892,"time_delta": 0.5421834,"pairs": [{"id":319975926,
"demand": [[0.00100347,83], [0.00100124,1177], [0.00100123,6142], [0.001001,5422], [0.00100093,7316]],
"supply": [[0.00100458,112], [0.00100465,10], [0.001005,118], [0.0010054,17], [0.00100625,98]],"timestamp":1589450995.660280,"currency":"XRPETH"},{"id":120041254,
"demand": [[0.01244,461.9], [0.01243,1284], [0.01242,14964.9], [0.01238,6019], [0.01237,2494.9]],
"supply": [[0.01245,8949.4], [0.01246,676], [0.01247,69.8], [0.01248,95.6], [0.01249,6723.1]],"timestamp":1589450995.212565,"currency":"XRPBNB"},{"id":285459166,
"demand": [[0.080123,17.6], [0.080115,0.24], [0.080113,10.06], [0.08011,0.44], [0.080103,0.4]],
"supply": [[0.080273,44.61], [0.080516,30.94], [0.080795,106.1], [0.080833,9.5], [0.080835,0.56]],"timestamp":1589450995.663489,"currency":"BNBETH"}]}
],"arbitrages_count": 1,"without_fees_count": 335,"all_count": 221904}